genes,abundance
YLR201C,34.2
YMR188C,49.9
YLL002W,11.7
YNL015W,127
YHR022C,1.47
YKR039W,63.6
YDR240C,10.3
YPL095C,5.31
YBR072W,301
YFR020W,1.52
YDR131C,0.236
YIL068W-A,0.203
YIL147C,6.67
YJL193W,1.42
YPR057W,15
YPR146C,1.5
YER149C,62.8
YKR091W,1.56
YER087C-A,1.46
YLR221C,50.2
YIL027C,88.2
YLR134W,3308
YGL007W,1.46
YDR346C,521
YCR020C-A,20.3
YHR165W-A,0.216
YDR378C,10.2
YJL222W,4.35
YAR020C,1.46
YDR449C,121
YER159C-A,14.9
YCR102C,2.81
YOL084W,2.18
YJR024C,13.5
YER073W,420
YFR018C,28.1
YJL113W,0.004
YPL196W,12.8
YBR289W,16.9
YDR040C,81.1
YJL079C,18.5
YLR168C,31.4
YGR135W,251
YJL181W,2.31
YDR490C,8.63
YDL174C,145
YIL148W,420
YOR244W,13.2
YKR083C,15.7
YJR059W,53.1
YMR159C,6.38
YGR240C,1600
YHR056C,18.1
YOR295W,6.68
YGR063C,73.7
YJL132W,5.86
YJL127C-B,0.171
YMR160W,7.62
YDR166C,51.5
YIL135C,32
YLR467C-A,0.006
YGR187C,209
YDL108W,148
YNL282W,19.3
YMR063W,1.57
YJR154W,12.7
YOR386W,8.13
YGL164C,37.7
YER141W,70.1
YKL044W,1.46
YOR257W,6.2
YDR452W,7.73
YOR269W,2.09
YOL048C,8.93
YNR021W,360
YGR012W,68.6
YDR056C,49.3
YHR123W,28.4
YBL066C,2.25
YDL004W,17.1
YKL104C,246
YDR110W,14.7
YHR213W,1.67
YJR065C,95.6
YOR391C,3
YDR532C,7.94
YGR106C,256
YNL124W,16.4
YGL241W,26
YLR009W,2.12
YBR033W,2.32
YNL184C,4.3
YLR172C,124
YBL102W,18.9
YDR363W,15
YDL159W-A,1.13
YDR029W,1.33
YDR202C,33.3
YPL016W,8.78
YJR103W,72.1
YAL030W,44.4
YGL250W,15.2
YDR361C,121
YPR110C,242
YLR053C,1.35
YBR011C,1361
YMR213W,11.4
YMR119W-A,1.47
YHR100C,1.83
YEL027W,423
YNL225C,11.8
YMR292W,22.6
YGL068W,151
YGL229C,11.6
YCL036W,1.78
YKR028W,12.5
YPR042C,16.6
YEL002C,177
YMR177W,47.4
YJL006C,21.4
YLR437C,6.92
YMR108W,633
YAL056W,2.44
YCR046C,49.7
YKR094C,673
YMR135C,23.4
YBL005W-A,5.31
YJR061W,1.98
YAL065C,1.32
YHR039C-A,371
YCL056C,2.25
YJL102W,19.2
YFL026W,57.7
YDL085W,5.35
YPR003C,4.89
YKL198C,4.08
YOR374W,779
YDR210W-A,2.95
YOR372C,7.76
YDR279W,23.3
YDL248W,4.59
YFL011W,5.41
YLR227W-B,4.84
YNL215W,25.9
YLR273C,1.39
YMR191W,1.69
YKR101W,1.81
YDR238C,358
YCL001W,40
YNL117W,162
YOR186W,1.81
YJL058C,15.2
YPL216W,22.2
YER021W,154
YLR405W,29.8
YGL002W,5.36
YHR113W,12.3
YBL078C,21.9
YAL044C,262
YLR211C,2.06
YJL104W,109
YFR008W,6.97
YGR032W,125
YLR365W,1.36
YJR033C,9.74
YLR256W-A,70.9
YBR254C,12.2
YEL011W,36.7
YNL094W,17.7
YOR215C,127
YJR131W,67.7
YLR155C,1.44
YDL139C,6.08
YPR058W,40.5
YMR004W,27
YEL010W,1.31
YBL005W-B,3.79
YGR082W,109
YDR291W,7.51
YBR154C,17.6
YDL231C,2.74
YDR235W,16.8
YOR036W,1.37
YKL068W-A,0.229
YGL144C,2.26
YDR306C,1.53
YKL222C,1.78
YAL026C,30.8
YGR157W,79.9
YMR139W,71.2
YML103C,126
YFL054C,0.137
YBR092C,99.2
YOR035C,29.3
YKR046C,118
YMR294W,3
YOL073C,1.3
YDR444W,16.7
YML100W,149
YFL050C,19
YML025C,31.2
YKR086W,16.2
YNL080C,7.85
YOR178C,1.52
YBR230C,50.6
YOR325W,1.23
YMR201C,9.42
YKL176C,3.25
YDR511W,13.8
YLR462W,1.86
YJR066W,11.8
YFR045W,3.43
YJR032W,44.1
YDR028C,58.7
YPR031W,4.09
YNL128W,5.54
YDR038C,11.5
YML052W,365
YJL055W,239
YGR134W,12.3
YKL004W,56.5
YLR305C,8.65
YJR017C,90.6
YMR162C,6.69
YNR006W,21.6
YDR451C,1.99
YDL021W,22.1
YML046W,36.6
YGR235C,61.3
YFR001W,48.5
YDR494W,9.94
YLR118C,27.4
YLR045C,33.3
YLR187W,11.8
YPL141C,13.2
YHR116W,20.7
YOR193W,4.51
YNL218W,17.1
YGR182C,11.7
YDR322W,107
YDR313C,12.5
YCL009C,337
YJL012C,210
YBR163W,14.3
YER090W,257
YJL016W,32.4
YLR075W,2090
YOR342C,18.8
YJL062W-A,22.7
YML003W,2.04
YIR038C,109
YKL138C-A,6.28
YMR261C,191
YMR323W,10.5
YJL144W,6.26
YBR074W,14.7
YDR421W,4.07
YLR311C,1.46
YMR005W,74.4
YCL057W,162
YHR214W,0.129
YLR372W,225
YJL168C,20.8
YOR164C,81.6
YLR274W,94.1
YLR142W,7.88
YHR174W,15998
YMR183C,51.4
YML085C,242
YNL328C,8.01
YOR114W,1.53
YCR100C,1.6
YHR196W,1147
YDL107W,19.8
YGR290W,1.5
YNL065W,11
YGR209C,718
YHL030W-A,0.06
YKL011C,1.88
YER172C,33.9
YER077C,6.45
YGR276C,8.05
YHR104W,255
YDL073W,3.48
YER012W,195
YBL093C,46
YMR251W-A,288
YOL095C,35.2
YPL040C,16.4
YGR107W,1.55
YCR038W-A,46.9
YGR041W,6.91
YKL163W,1.84
YLR306W,3.89
YGL006W,15.4
YNR058W,0.184
YDR348C,30.6
YPR075C,12.6
YHL032C,20.7
YGR144W,1.52
YFR053C,452
YGR185C,872
YDR003W,22
YOR022C,6.02
YKL115C,1.56
YLR439W,71.9
YNR035C,214
YGR160W,1.65
YML002W,2.55
YGL259W,1.25
YKL066W,1.46
YJR062C,20.8
YMR181C,6.81
YKR067W,53.4
YPL131W,1533
YJR045C,543
YOR129C,7.03
YDR154C,1.39
YJR034W,18.8
YLL023C,43.7
YNL112W,604
YNL279W,2.04
YOR219C,1.95
YBR224W,1.52
YPL106C,2797
YJL185C,1.35
YOL068C,12.6
YGR109W-A,1.93
YPR006C,44.8
YPL167C,4.85
YLR047C,1.56
YDL170W,11.8
YBR101C,199
YDL173W,42.6
YCR035C,52.7
YGL134W,3.74
YPL251W,1.24
YOR377W,16.9
YNL145W,1.23
YGR039W,1.14
YGR162W,323
YJR025C,139
YDL163W,1.6
YBR057C,29.3
YHR185C,1.65
YKL173W,15.8
YPL192C,0.405
YFL048C,87.9
YGR194C,39.1
YPL177C,5.35
YIL009C-A,1.54
YOR330C,7.68
YML015C,15
YDR206W,5.86
YDR067C,3.67
YGR118W,1926
YCL022C,1.54
YLR303W,1213
YIL074C,99.7
YNL187W,1.62
YCR014C,2.1
YBR073W,23.6
YPL165C,1.23
YLR231C,37.5
YDR190C,215
YDL156W,30.9
YIL063C,96.3
YDL158C,0.038
YML023C,6.1
YDR383C,2.02
YLR131C,8.59
YGR192C,13635
YDR014W,6.96
YDR104C,1.41
YHL046C,1.24
YBR017C,68.8
YGR270W,12.9
YGL098W,17.2
YJL187C,13.3
YHL040C,1.66
YLR203C,117
YLL055W,2.06
YGR030C,36.4
YJL137C,9.19
YBL073W,1.59
YJL184W,18.3
YGL051W,1.54
YDL111C,77.9
YNL333W,2.98
YJR112W,26.7
YFL014W,401
YNR038W,115
YKL035W,474
YJR124C,0.065
YDR526C,1.46
YML026C,1159
YHR146W,189
YBR167C,9.79
YIL091C,30.5
YML030W,49.9
YLR208W,272
YLR195C,25.1
YJL173C,90.7
YBR071W,10.9
YKL135C,68
YLR406C,690
YBL017C,102
YIR004W,110
YBL026W,74.5
YDR034C-C,3.03
YMR017W,1.53
YDL048C,6.69
YJL076W,58.2
YGR206W,9.21
YLR018C,33
YHR067W,7.34
YHR145C,1.33
YBR082C,1204
YDR170W-A,73.9
YIL072W,1.91
YJL081C,19
YDR304C,40.6
YLR050C,19.3
YDR359C,3.56
YNL255C,1285
YLR243W,11.4
YER179W,1.78
YGR110W,0.047
YNL152W,4.43
YLR065C,11.5
YDR381W,498
YGL132W,0.083
YGR061C,748
YLR445W,1.63
YHR122W,29.1
YAL064W,1.06
YKL154W,107
YHR078W,4.45
YPR041W,849
YBR200W,69.5
YKR002W,139
YIL022W,99.3
YIL069C,1170
YAL034C,1.58
YOR216C,104
YPL107W,22.1
YDL186W,1.57
YAL020C,1.55
YIR017C,5.4
YOR204W,257
YMR290C,270
YDR053W,1.45
YDL012C,20.6
YGL235W,1.47
YER165W,2652
YMR048W,19
YDR278C,0.938
YER164W,48.6
YGL071W,21.7
YHR110W,12.5
YCL026C-B,8.62
YMR284W,29.3
YNL276C,1.63
YHR037W,228
YLR113W,173
YPR023C,31.7
YGL026C,795
YHR176W,1.38
YNL070W,40.2
YPL162C,27.6
YKL012W,5.05
YOL088C,34.6
YDR275W,8.89
YCL019W,2.56
YJL114W,0.044
YBR297W,1.5
YBR176W,27.7
YNL025C,2.19
YHR150W,2.61
YDR351W,2.24
YKL096W-A,435
YHL026C,7.61
YMR173W,118
YNR001C,194
YEL032W,253
YAL068C,0.014
YNL038W,0.034
YER086W,215
YHL006C,1.62
YLR400W,1.38
YBL104C,15.6
YPL115C,33.4
YER138C,11.2
YOR309C,2.01
YGL192W,1.86
YNL053W,8.09
YBR083W,18
YDR270W,4.08
YPR063C,48.7
YDL234C,27.6
YDR434W,70.9
YGL102C,1.43
YNL179C,1.54
YLL062C,7.96
YJR064W,196
YJL161W,7.87
YDR263C,0.176
YIL082W-A,0.448
YJL138C,788
YNL318C,0.115
YPL171C,3.19
YOR288C,25.6
YJR100C,1.81
YPL156C,1.61
YDL031W,94.9
YGR296C-A,0.508
YER102W,622
YNL169C,18.9
YKL022C,39.8
YKL089W,6.18
YPL213W,27.9
YOR285W,189
YJL054W,29.4
YLR327C,33.8
YLR043C,481
YOR304W,34.1
YJL210W,7.38
YKR081C,382
YHR143W-A,81.4
YNR002C,1.41
YOL051W,21
YPR098C,21
YDR323C,10.2
YNL109W,1.81
YDL226C,170
YMR266W,111
YPL044C,1.35
YDR119W,44.5
YOL156W,0.168
YDL086W,38.6
YOR182C,515
YDR158W,1398
YMR267W,10.1
YGR033C,35.7
YDL224C,27.1
YGL166W,15.2
YMR305C,139
YLL038C,30.1
YMR075W,9.91
YOR158W,46
YGR097W,28.6
YOR150W,112
YPL011C,29.5
YBR299W,28.7
YOR068C,1.34
YMR300C,274
YMR125W,137
YGL253W,3086
YDR442W,0.05
YNL064C,1788
YGR036C,20.3
YLL042C,1.44
YNL231C,217
YPL014W,9.47
YGR060W,726
YDL137W,247
Q0050,0.007
YKR035C,1.27
YML063W,3917
YOL032W,74.9
YGR258C,7.96
YBL038W,35.4
YBR115C,378
YHR092C,1.12
YCR036W,40.2
YLR244C,323
YGL021W,18.7
YNL005C,61.6
YJL154C,44.7
YER024W,37.6
YDL213C,116
YGL069C,2.53
YMR124W,20.1
YBL094C,1.39
YDR075W,26.1
YBR245C,126
YGL170C,1.4
YIL061C,7.94
YOR290C,8.53
YLR234W,370
YLR361C-A,1.92
YAL064W-B,1.5
YDL162C,1.24
YOR370C,205
YKL070W,1.49
YMR052W,14.8
YDR294C,139
YKL094W,54.6
YPR117W,1.73
YLR256W,2.47
YER074W-A,0.581
YPL198W,609
YPR076W,1.63
YDR082W,1.35
YGR072W,21
YPR052C,144
YKR009C,34.9
YPL027W,1.55
YDR308C,15.5
YIR002C,2.31
YPR008W,13
YIL150C,27.6
YHL001W,1101
YDR533C,79.7
YDR524C,8.34
YMR001C,12.3
YPL062W,10.8
YBR243C,0.165
YBR251W,93.8
YMR180C,1.37
YGL207W,292
YBR214W,95.1
YIR006C,99.6
YJR021C,1.89
YER085C,1.54
YGR255C,89.3
YAR027W,14.2
YIL162W,21.3
YDL099W,66
YGR081C,52.5
YPL249C-A,1290
YLR275W,25.4
YOR390W,3.28
YHR192W,33.3
YBR181C,1138
YDL034W,1.51
YBR119W,20.8
YKR050W,1.25
YMR321C,41.1
YAR071W,316
YML133C,1.44
YHR026W,106
YIL126W,63.2
YBR008C,1.97
YDL150W,48.3
YOR041C,1.51
YAR003W,8.58
YNL197C,83.6
YLR188W,20.4
YBL088C,6.26
YER045C,1.39
YJR149W,4.32
YDR311W,43.2
YNL214W,8.44
YCR069W,4.57
YGL160W,2.53
YCR048W,2.34
YNL051W,21
YKL156W,707
YFR013W,22.8
YFL058W,2.48
YJR077C,283
YDR062W,505
YDL113C,10.6
YML037C,13.6
YJR050W,16.1
YLL028W,59.3
YDR108W,65.6
YAR031W,5.01
YNL298W,6.41
YJL217W,48.2
YGL024W,0.059
YJR135W-A,43.8
YDR467C,1.4
YNL092W,7.88
YMR197C,7.62
YPR080W,7233
YHR061C,11.3
YNL270C,0.125
YOR252W,76.3
YFR035C,1.31
YDL247W,1.55
YAL046C,93.4
YNL122C,3.24
YEL009C,7.81
YIL010W,29.3
YDR529C,344
YOR067C,1.62
YHR021W-A,1.53
YJR116W,4.29
YOR186C-A,0.219
YBR188C,20
YEL065W,7.41
YBL071C,1.54
YOR353C,16.7
YMR038C,367
YAL007C,312
YMR223W,14.7
YLR162W-A,0.201
YOR328W,12.6
YLR399W-A,0.169
YJR067C,17.6
YLR214W,17.6
YIL156W-B,5.14
YDL061C,888
YJL073W,32.2
YGR275W,32
YLR124W,1.2
YEL059C-A,2.89
YBL011W,38.5
YDL243C,1.33
YNR026C,66.9
YGL138C,1.49
YPR144C,48.7
YOR112W,36.4
YBR085W,25
YDR466W,0.258
YDR183W,18.5
YFR051C,238
YHR181W,20.3
YOR382W,0.409
YEL037C,230
YGR100W,25.2
YML098W,21
YPL059W,81.7
YKR095W,72.8
YAL012W,780
YOR003W,1.5
YJL158C,102
YDR448W,22.5
YOL132W,0.013
YLR063W,6.91
YLL043W,20.9
YDL160C,412
YEL043W,14.7
YEL025C,7.12
YJR057W,25.9
YBL064C,85.8
YHR186C,3.01
YGR079W,1.47
YNL219C,39
YDR186C,6.23
YDR184C,8.82
YOL047C,3.35
YDR016C,18.4
YER047C,4.42
YHR064C,1130
YDL182W,794
YER072W,164
YIL177W-A,0.007
YKL122C,52.6
YGL158W,1.63
YJL130C,868
YKL147C,1.45
YDL064W,77.2
YER039C-A,2.2
YJL031C,4.56
YBL095W,6.85
YLR074C,114
YGL091C,24.6
YJR108W,1.59
YDR193W,1.93
YMR147W,1.72
YOR299W,19.5
YIL142C-A,0.258
YDR316W-A,14.9
YBL059C-A,27.2
YDR252W,20.7
YER180C-A,2.51
YEL050C,21.6
YDR257C,70.8
YNL095C,7.02
YJR005W,26.3
YGL258W,1.52
YDR399W,443
YER094C,57.7
YHR029C,73.3
YOR308C,3.73
YKL033W,7.19
YOR134W,2.06
YOR306C,1.5
YHR045W,24.6
YOR180C,0.436
YGR085C,1528
YCR021C,69.2
YKR017C,16.9
YCL044C,33
YGR237C,20.9
YOR181W,71
YDR090C,10.7
YIL019W,3.27
YBL100W-B,2.14
YGL209W,13
YDR103W,18.3
YDR070C,44
YPR034W,57.9
YOL052C,110
YLR269C,1.49
YEL051W,158
YML053C,6.8
YCR077C,63.5
YDR109C,3.15
YOR046C,328
YCR106W,1.58
YKL210W,1083
YLR108C,10.6
YBR191W,574
YPL030W,75.8
YOL008W,1.43
YJR121W,1555
YML097C,53.1
YOR168W,554
YGL260W,2.37
YGR221C,1.68
YOL165C,1.46
YGR161C-C,14.9
YKR066C,129
YJL202C,0.059
YLR363C,66.6
YML056C,178
YOL149W,54.5
YLR061W,1530
YIL157C,17.4
YDR458C,33.6
YML009W-B,0.866
YIR019C,0.032
YER062C,234
YLR418C,35.6
YPL269W,4.87
YKL216W,2335
YCL031C,81.1
YCR039C,1.43
YPR038W,1.35
YOR037W,20.7
YOR294W,24.1
YPL069C,27.4
YGR156W,25.2
YLL013C,60.7
YHR198C,15.4
YNL049C,45.8
YBR050C,1.64
YNL113W,277
YOR363C,2.14
YDR161W,64.7
YNL238W,17.1
YML075C,90.1
YIL149C,33.6
YGR228W,0.383
YNL194C,2.86
YDR301W,11.3
YNL090W,46.6
YPL217C,44.6
YPL148C,4.98
YHR047C,647
YKL168C,9.03
YCR065W,4.67
YCR049C,1.52
YMR311C,81.9
YFR037C,165
YDR412W,59.8
YNL235C,1.78
YER038C,2.08
YGR108W,3.76
YOR302W,63.8
YJR095W,15.6
YJR051W,13.6
YHR155W,11.1
YOR071C,2.4
YGL210W,71.6
YIL046W,3.82
YPR118W,40.9
YDL218W,1.65
YFL002W-A,2.53
YKL082C,20.2
YDR098C,110
YJL093C,1.62
YHL007C,53.9
YJL046W,1.91
YLR402W,1.53
YHR079C-A,1.6
YNL222W,2.48
YNR030W,58.2
YIR034C,885
YMR208W,83.3
YBR283C,133
YLR461W,1.19
YOR255W,1.3
YDL177C,7.76
YHR209W,39.6
YDR120C,201
YGL175C,8.81
YGR229C,163
YIL090W,28.3
YHL025W,25.6
YFL005W,169
YBL051C,49
YDL110C,56.8
YOR121C,1.54
YHL028W,1.87
YER097W,1.45
YOR101W,26.5
YAL037C-A,0.104
YJR068W,95.1
YIL166C,1.32
YOL021C,80.9
YFL012W,1.47
YPR013C,3.13
YDR118W-A,0.148
YDL103C,162
YDL098C,11.6
YBR266C,2.28
YJL211C,1.34
YFL002W-B,1.54
YEL007W,37.5
YDR065W,13.4
YJL065C,31.1
YJR044C,26.8
YJR041C,35.9
YLR058C,1182
YIL009W,85.7
YAR066W,0.129
YHR024C,362
YPL065W,12.5
YHR114W,136
YDR138W,38.2
YKL069W,48.1
YNL284C,68.8
YDR431W,1.38
YDR256C,17.2
YNL137C,78.5
YKL090W,1.54
YBL068W,107
YDR520C,11.9
YBR103W,15.3
YER091C,5328
YOL138C,8.16
YBR203W,1.29
YKL054C,468
YEL023C,0.093
YDR125C,3.05
YMR066W,7.33
YGL152C,1.41
YHR182W,12.3
YAL004W,1.46
YHR032W,0.062
YDR391C,73.6
YLR011W,12.4
YML100W-A,1.52
YOR381W,1.23
YBR069C,86
YLR464W,0.05
YDR477W,128
YMR031C,331
YBR102C,25.5
YER132C,15.8
YJL197W,72.4
YAR042W,36.2
YGR024C,19.2
YLR446W,1.46
YGR284C,74.6
YBR177C,86.2
YKL191W,45.4
YGR027W-B,6.67
YGR113W,31.9
YML055W,77.1
YOR057W,31.1
YOL013C,20.2
YEL034W,1421
YFL023W,26
YNL280C,66.9
YJR073C,80.8
YLR335W,200
YDL001W,8.82
YIL154C,37.7
YIL100W,1.26
YGR288W,2.61
YNL160W,42.2
YGL142C,1.71
YHR019C,384
YHL019W-A,0.056
YGL106W,48.3
YPL279C,3.1
YFR032C,1.35
YDL147W,279
YBR023C,25.5
YNL062C,36.5
YDR015C,1.37
YER152C,17.5
YNL193W,2.79
YBR279W,55.6
YOR116C,115
YOR130C,35.3
YIL084C,9.29
YIR031C,7.73
YIL066C,21.2
YBL016W,169
YDL131W,413
YDR510W,169
YPR158W-B,311
YMR262W,2.95
YMR196W,70.8
YPR077C,0.168
YGR279C,194
YDR255C,2.81
YMR054W,12.5
YMR143W,726
YIL151C,3.89
YCL001W-B,1.17
YDR509W,1.31
YPR148C,59.7
YHR099W,14.8
YGR087C,71.8
YDR046C,79.7
YDL148C,23.7
YEL018W,9.6
YGR201C,4.74
YJL205C,0.48
YKL114C,129
YNL239W,77.2
YPR065W,8.84
YJL121C,199
YNL199C,9.2
YPL127C,139
YBR221C,186
YOR332W,592
YMR176W,3.19
YJR055W,21.7
YNL268W,70
YOR237W,12.9
YOL136C,3.09
YIL044C,78.5
YBL013W,10.7
YBL079W,52.7
YER091C-A,1.29
YPR167C,19.6
YPL210C,178
YOR148C,9.11
YNL031C,1752
YMR207C,5.47
YLR272C,20.9
YGL116W,4.32
YOL110W,8.18
YLR230W,1.49
YKL156C-A,0.239
YLR044C,11472
YNL138W-A,0.293
YDR300C,165
YMR086W,25.9
YDR525W-A,220
YPR066W,11.8
YLR152C,0.017
YOR270C,607
YHR199C-A,0.338
YHR085W,226
YBL020W,0.193
YDR037W,1002
YDL060W,49.2
YLR209C,25.8
YGR109C,1.78
YER135C,1.59
YDR441C,12.4
YIL146C,110
YHR214C-D,1.43
YMR269W,12.1
YPL133C,7.7
YBL009W,1.59
YHR128W,170
YDR151C,2.03
YGR205W,45.5
YMR099C,236
YHR216W,139
YNL232W,129
YNL067W-A,1.33
YLR373C,35.7
YDR203W,1.36
YMR205C,1697
YJR109C,1314
YBR255C-A,2.99
YJR003C,46.7
YLR107W,2.13
YIL007C,8.75
YGR196C,31.3
YER079W,22
YJL131C,39.8
YJL019W,48.9
YOL166C,1.07
YGR219W,2.54
YCL038C,1.35
YDR005C,22
YLL045C,3508
YLR381W,4.01
YAL011W,12.5
YDR344C,2.09
YMR171C,10.5
YHR115C,24.6
YNL121C,556
YDR059C,41.3
YGR252W,24.3
YPL153C,50.8
YEL049W,1.12
YOR045W,10.8
YFL015W-A,0.526
YDR068W,56.7
YGR084C,145
YLR158C,1.38
YPL109C,18.3
YJL120W,1.26
YDL084W,777
YDR327W,0.203
YKL223W,0.023
YDR400W,11.3
YML047C,1.26
YHL031C,6.38
YPR171W,10.5
YJR048W,129
YHL002C-A,0.088
YDL238C,3.83
YGR256W,39.6
YOR079C,1.4
YOR048C,31.6
YOR223W,3.86
YJL007C,1.55
YMR156C,1.62
YDR156W,57.2
YLR386W,98.6
YNL140C,12.6
YDL133W,166
YGL030W,1537
YMR243C,107
YER008C,16.1
YOR263C,1.46
YCL010C,26.3
YBR001C,20.3
YLR320W,0.634
YLR332W,71.9
YKL214C,25.3
YNL039W,8.93
YML082W,33.3
YLR444C,1.51
YPL038W,8.81
YCR045W-A,0.214
YDL210W,1.52
YDR210C-C,13.8
YLR319C,33.1
YBL077W,0.152
YMR199W,4.25
YER069W,281
YBL099W,770
YLR258W,169
YMR307C-A,0.077
YOR125C,1.92
YKR097W,173
YHR043C,30.3
YDR281C,0.465
YDR011W,55
YNL332W,1.56
YKL097C,1.75
YGR026W,92.3
YBR233W,13.9
YGL159W,12.9
YJL025W,6.68
YOR282W,1.38
YMR324C,1.46
YMR037C,11.9
YBL004W,41
YKL102C,2.92
YFL032W,1.46
YNL305C,1.68
YNL210W,1.29
YPL230W,1.59
YMR204C,6.59
YPL088W,6.38
YDR541C,0.267
YGL056C,178
YJR134C,14.4
YGR204W,853
YER113C,13.9
YFR014C,21.7
YKL177W,1.49
YNL073W,24.9
YLR376C,8.02
YER190C-A,0.508
YOL146W,16.8
YDR045C,70.5
YNL131W,90.1
YLR452C,94.9
YDR126W,1.32
YGL121C,1.18
YOL014W,0.182
YNL144C,1.43
YAR075W,113
YOR094W,271
YIL014W,17.1
YNL139C,30
YGR027W-A,16.4
YGR145W,37.2
YER066C-A,1.37
YLR025W,70.4
YAL016W,399
YJR018W,1.48
YOR029W,1.32
YPR082C,1.2
YLR362W,11.5
YJR012C,5.28
YMR237W,65.9
YKR057W,821
YGR051C,1.32
YDR020C,46.7
YOL063C,2.11
YBR212W,30.8
YOR198C,716
YOL082W,10.5
YJL066C,38.8
YLR359W,237
YPR096C,1.11
YKL159C,5.7
YIL012W,1.4
YLR104W,20
YDL168W,218
YGR056W,6.21
YIL115C,174
YNR012W,13
YMR198W,2.8
YAL039C,46.2
YGR199W,1.76
YNR015W,42.5
YMR226C,272
YBR264C,14.5
YLL047W,1.47
YIL160C,7.78
YNL151C,6.04
YMR119W,23.4
YAR023C,2.3
YJL092W,39
YNR003W-A,0.022
YLR253W,19.6
YJL141C,7.73
YIL158W,4.81
YDR360W,1.56
YDR343C,274
YBL049W,1.51
YLR451W,3.08
YMR007W,12.9
YJL110C,5.08
YGL137W,1035
YJR042W,91.1
YDR118W,12
YHR202W,3.92
YMR260C,433
YLR217W,1.27
YGL035C,15.4
YMR224C,5.17
YLR281C,2.9
YOR327C,32.9
YMR047C,49.5
YBR281C,39
YOR394W,1.55
YNL165W,4.56
YLR059C,55
YLR090W,65
YGR006W,1.73
YGR198W,30.7
YPL242C,3.31
YDL059C,6.07
YMR135W-A,1.43
YHL009C,20.6
YDR464W,2.79
YOL070C,31
YLR193C,13.1
YLR428C,1.53
YBL084C,12.1
YGR133W,2.9
YHR040W,24.9
YDR403W,1.13
YPL265W,160
YGR236C,2.04
YGR155W,1390
YMR120C,1325
YIL047C,23.9
YGR137W,1.38
YLR084C,41.2
YIL036W,32.1
YGR119C,136
YOR316C,32.4
YAL024C,7.8
YGR109W-B,0.407
YNL307C,80
YAL009W,7.96
YPL050C,50.9
YPL052W,1.59
YNL069C,1894
YPL174C,3.2
YKL157W,181
YOR111W,24.5
YMR319C,13.4
YLR122C,1.52
YMR189W,240
YPL072W,5.32
YJR049C,48.6
YPR108W,537
YHR034C,29.4
YBR131C-A,0.943
YML038C,18.8
YML086C,206
YLR219W,22.2
YBR195C,4.68
YLR438C-A,121
YDL052C,175
YHR014W,1.7
YNL203C,1.31
YDR034C-D,2.11
YOR238W,21.1
YMR150C,1.73
YHR089C,1028
YLR115W,37.2
YPR123C,1.54
YJR137C,131
YBL091C-A,2.45
YDR034C,6.2
YFL002C,54.8
YNL028W,1.28
YKL045W,5.11
YGL099W,195
YDR415C,2.15
YPL164C,1.48
YNL104C,307
YLR206W,37.7
YBR097W,5.17
YHR189W,4.23
YLR397C,32.5
YMR276W,78.9
YKL204W,111
YMR315W,213
YKL076C,1.67
YLR017W,126
YLR080W,3.06
YHL015W,2336
YEL031W,231
YPL025C,1.8
YLR218C,16.6
YPL023C,23.3
YPR059C,2.13
YKL167C,30.3
YFL010W-A,1.26
YNL023C,6.82
YGL114W,1.54
YMR075C-A,0.214
YGR099W,12.7
YNR050C,1114
YDL083C,488
YOR300W,1.59
YNR054C,111
YOR133W,1973
YLR233C,2.34
YDL199C,1.85
YDL044C,20.3
YFR024C-A,72.4
YKL079W,31.7
YDR481C,61.4
YNL063W,91
YOR371C,17.2
YKL007W,82.2
YDR382W,5346
YBR185C,31.4
YDR169C-A,0.835
YGL124C,4.97
YDR380W,117
YPL270W,40.8
YKL119C,19.7
YCL005W,3.18
YGR147C,30.2
YDR545W,1.63
YER039C,1.22
YNR009W,21.5
YNL102W,28.2
YLR110C,2472
YKL162C,9.52
YHR096C,4.47
YNL327W,47
YHL010C,1.87
YOL123W,86.9
YNR069C,1.78
YHL047C,1.34
YNL188W,0.181
YLR415C,1.67
YBR059C,61.8
YMR242W-A,0.472
YMR166C,14.3
YJL200C,374
YJR152W,3.73
YDR032C,168
YJL206C,1.48
YGL237C,4.16
YAL010C,9.77
YER160C,4.41
YKR056W,33.2
YLR085C,5.97
YML029W,19
YIL011W,0.735
YGR165W,47
YGR212W,1.43
YJL041W,167
YGL011C,371
YDR507C,79.6
YJL043W,0.515
YGR090W,152
YPL182C,2.26
YHR132W-A,39.1
YPL071C,2.21
YOR304C-A,17.8
YMR084W,19.1
YGR127W,2.28
YDR455C,1.26
YOL077W-A,42.3
YOL076W,98.6
YKR098C,1.4
YDL018C,47.1
YBR151W,54.9
YDR214W,249
YNL083W,10.7
YBR137W,16.4
YCL004W,0.302
YLR268W,19.7
YGR239C,2.86
YPR046W,6.41
YGL173C,328
YDL208W,165
YDR112W,1.21
YPR181C,117
YHR094C,191
YLR374C,0.464
YOL105C,13.2
YAL049C,78.6
YLR260W,14.8
YOR058C,8.53
YFR030W,86.5
YOR052C,73.3
YJL037W,1.43
YCL011C,56.4
YJL077C,1.55
YAR029W,1.17
YFR016C,91.2
YER163C,17.9
YGL195W,281
YPR157W,1.43
YNR045W,6.43
YMR105C,241
YJR058C,11.3
YML102W,27.9
YLR154C-H,0.057
YJL214W,7.67
YDR144C,8.19
YPR173C,111
YDR169C,21.3
YBL024W,290
YMR175W,19.3
YGR291C,1.34
YLR287C-A,572
YKR041W,3.23
YNL316C,16.3
YPL219W,4.91
YPL257W-B,11.4
YBR103C-A,1.3
YIL030C,17.6
YNL303W,156
YDR398W,282
YLR220W,35.6
YGL022W,63.8
YLL041C,193
YEL044W,29.2
YPR001W,25.6
YOR220W,28.7
YLL048C,123
YPL215W,153
YMR239C,46.4
YFR009W-A,0.127
YGL197W,9.34
YIR040C,0.023
YHR214C-B,310
YDR074W,326
YPL188W,36.5
YAL031C,8.32
YMR158W-B,0.18
YJL136C,1137
YBR094W,35.5
YJR113C,38.5
YMR206W,1.36
YIR039C,0.013
YGR257C,76.9
YJR086W,61.2
YNR011C,4.53
YLR035C-A,3.36
YHR008C,181
YMR185W,2.67
YIL067C,5.21
YOL100W,10.3
YDR229W,33.5
YNL335W,1.47
YJL108C,0.225
YPR169W,135
YIL066W-A,0.16
YOR146W,0.395
YNL074C,9.93
YDR254W,6.64
YOR326W,494
YDL126C,1170
YOR222W,56.9
YBL100W-A,2.99
YMR081C,1.95
YPR050C,1.6
YIL018W,613
YGR213C,1.7
YEL073C,4.23
YIL028W,1.52
YFR017C,15.4
YBR034C,376
YJL051W,2.11
YGR021W,27.7
YHR135C,48.1
YMR152W,69.3
YPL180W,7.48
YJR104C,4295
YLR300W,62.1
YNL004W,51.4
YPL078C,361
YER170W,9.17
YDL020C,2.21
YOL142W,80.4
YHR010W,605
YJR013W,11
YKL074C,35.5
YNL136W,4.6
YER016W,34.5
YCL066W,0.052
YOL155C,4.88
YMR194C-B,2
YDR302W,37.1
YGL262W,1.55
YKR105C,1.23
YOR007C,422
YHR075C,2.38
YGR057C,6.06
YDR469W,11.4
YNL154C,78.3
YPR019W,105
YEL014C,7.22
YGL180W,10.7
YOR307C,13.1
YEL016C,2.33
YNL076W,10.2
YKL112W,71.6
YPR187W,161
YMR072W,229
YDR475C,18.3
YHR205W,57.9
YBL096C,2.15
YIL112W,2.99
YMR030W-A,0.06
YDL022W,401
YNR034W-A,59.8
YOL092W,54.7
YDR224C,1034
YJL170C,1.6
YLR132C,3.78
YLR378C,499
YDR379C-A,8.12
YIL108W,17.1
YBR003W,39.4
YLR358C,13.2
YLR291C,104
YEL070W,2.55
YBL052C,4.94
YER096W,3.19
YNL156C,68.8
YDR322C-A,52.7
YFL029C,21.7
YKL192C,569
YOL143C,75.9
YLR093C,40.5
YCR038C,16.1
YER093C-A,14.6
YNR065C,3.15
YCL027W,1.87
YIL075C,443
YOR259C,173
YNL007C,635
YMR103C,0.492
YPL190C,69.9
YOR006C,36
YGR200C,104
YJL052C-A,1.28
YDR540C,3.21
YIL115W-A,0.143
YGL077C,69.1
YEL003W,40.1
YJL029C,16.8
YDR261C-D,5.79
YIL133C,916
YDL104C,11.7
YKL014C,76.5
YER168C,126
YBR136W,1.19
YIL117C,4.9
YKL033W-A,615
YJR135C,9.17
YKR106W,1.36
YHR081W,31.8
YJL060W,51.2
YDR315C,1.47
YDR342C,61.9
YDR004W,3.63
YGL049C,89.3
YDR369C,4.4
YCR075C,1.46
YLR433C,68.5
YHR180W,1.56
YPL124W,5.95
YNL107W,4.76
YBR226C,1.47
YCR087W,1.67
YDL118W,1.56
YHR016C,3.32
YGR007W,51.9
YJL175W,2.71
YBL068W-A,0.285
YOR253W,85
YPR170W-B,21.1
YLR167W,1949
YPL049C,22.8
YNL120C,1.67
YDR295C,20.9
YDL160C-A,2.38
YMR184W,62
YBR053C,93.9
YOL053W,5.48
YDR201W,5.39
YFR056C,1.25
YLR064W,58.4
YOR109W,64.5
YMR118C,1.37
YKL201C,1.87
YOR208W,3.24
YER171W,123
YER053C-A,75.7
YBR089W,1.87
YGL005C,14.8
YLR329W,1.37
YOL099C,2.01
YER011W,8.49
YPR158W-A,14.4
YHL043W,1.48
YKL038W,3.84
YGR029W,2.4
YGR287C,6.49
YDR094W,1.29
YLR369W,59.6
YBR170C,54.5
YJR102C,1.62
YMR028W,3.6
YML020W,18.1
YIR030C,8.44
YGL042C,1.24
YOR084W,17.5
YIL106W,56.8
YCR092C,9.9
YER005W,9.61
YPR021C,2.45
YBL050W,99.2
YGR073C,0.075
YNL174W,1.29
YKL128C,47.8
YDR307W,16.2
YGL228W,334
YNL029C,5.05
YFL003C,1.75
YNL220W,715
YER146W,9.28
YNL288W,189
YOR368W,2.66
YGL203C,110
YOR137C,2.24
YMR203W,236
YKL189W,14.1
YJR098C,15.4
YLR102C,1.92
YML017W,59.9
YKL217W,2.11
YOL056W,276
YGR203W,34.1
YDR054C,88.7
YLR450W,23.9
YHR042W,440
YPL272C,3
YPL055C,24.6
YLR154W-C,0.035
YDR357C,6.23
YMR112C,7.58
YOR098C,115
YGL117W,10.9
YDL165W,24.8
YIR036C,39.3
YBR162C,128
YPR155C,37
YAR035W,8.85
YLR420W,178
YFL046W,2.3
YDL017W,25.6
YDR371W,22.7
YKL003C,1.15
YPR170C,1.33
YOR123C,51
YIR041W,1.46
YBR296C,1.92
YMR216C,47.7
YPL277C,1.31
YDR420W,1.73
YJR132W,109
YNL167C,11.5
YGR047C,10.4
YBR026C,67.8
YER098W,2.91
YPL004C,884
YOL121C,1176
YBL080C,11.6
YAR002W,66.7
YMR215W,162
YBR229C,7.54
YOR248W,15
YCL023C,1.23
YAL014C,1.57
YLL036C,100
YJR001W,16.1
YOR276W,361
YMR309C,897
YCR079W,5.54
YNL042W,2.44
YLL064C,1.35
YHR119W,17.7
YMR325W,1.59
YOL036W,2.03
YML125C,303
YBL112C,0.042
YDR461C-A,0.355
YCR023C,1.89
YPL140C,24.6
YLR301W,328
YLL015W,8.69
YGL196W,21.6
YOR256C,4.63
YPR102C,957
YDL102W,54.6
YGR296W,1.38
YPL172C,1.78
YJL048C,12.3
YIL064W,40.4
YLR125W,1.86
YOL072W,11.6
YHR161C,12.6
YCR081W,13.7
YDR390C,148
YJL176C,44.4
YDR152W,293
YGL239C,1.74
YOR214C,3.31
YBR012C,1.32
YGR245C,48.4
YJR038C,1.52
YMR225C,17.5
YGL225W,356
YLL020C,1.78
YOR338W,1.38
YPR185W,3.64
YOR154W,24.6
YDR234W,202
YER029C,15.8
YIL068C,25.8
YPL112C,28.4
YDL220C,17.3
YML018C,48.1
YKL049C,14.5
YDL130W-A,32.9
YMR245W,1.55
YLL008W,56.5
YML076C,9.48
YEL005C,2.06
YDR371C-A,1.65
YCL052C,40.9
YHL049C,1.63
YBR098W,2.22
YGL125W,74.9
YOR232W,109
YER101C,14.7
YHR025W,838
YHR007C,732
YNL304W,21.3
YMR298W,78.2
YPR009W,1.8
YER050C,15.6
YNL118C,166
YIL050W,35.8
YOL134C,10.4
YGR103W,168
YKR025W,58.8
YDL106C,49.3
YOR341W,517
YDR283C,6.63
YHR033W,12.3
YOL054W,47.9
YFL039C,1573
YMR033W,32.6
YGL162W,9.58
YGL205W,5.33
YBR113W,1.65
YHR090C,3.2
YPL274W,60
YIL096C,22.9
YBR081C,36.1
YGR267C,53.6
YLL024C,10528
YDL223C,36.4
YLR331C,1.52
YDL015C,255
YGR055W,89.7
YGR169C,8.74
YMR308C,171
YBR038W,1.79
YBR162W-A,12.7
YCR086W,18.1
YBL107C,9.37
YGL082W,97.7
YER053C,35.4
YNL016W,552
YDR100W,54.2
YLR013W,1.57
YHL050C,1.51
YBR068C,283
YMR161W,23.8
YCL064C,354
YDR350C,2.04
YMR144W,17.7
YPL247C,9.56
YDL247W-A,1.74
YHR109W,24.6
YNL301C,2001
YJR054W,5.57
YPR029C,44.4
YNL099C,18.6
YKL051W,37.1
YPL073C,1.52
YBL012C,1.73
YOL117W,10.7
YDL023C,1.23
YMR220W,65.5
YLR146W-A,0.054
YJR143C,36.3
YGR174C,17.2
YJL191W,588
YER043C,3205
YBR259W,1.88
YNL138W,237
YDL239C,1.63
YDR091C,331
YJL139C,44.5
YER104W,3.75
YCL067C,2.16
YEL017C-A,869
YPR149W,341
YNR053C,631
YAL064C-A,1.62
YDL235C,82.6
YGL233W,48.5
YDR181C,7.87
YOR093C,4.41
YNR056C,0.39
YBR118W,8169
YJL117W,63.1
YOR179C,18.3
YKR089C,11.7
YCL059C,179
YDR269C,4.39
YLR364W,13.8
YJL091C,16.3
YNL260C,7.77
YJR114W,1.55
YBR144C,1.74
YDR539W,44.7
YMR173W-A,1.58
YPL093W,468
YOL103W-B,9.12
YBL100C,0.054
YNL072W,6.94
YMR182C,10.7
YDL087C,23.8
YHR049W,280
YLR029C,1343
YER178W,898
YBR009C,3820
YOR142W-A,14.4
YML035C,120
YKL024C,82.2
YER025W,500
YBR261C,47.4
YDL067C,268
YDR366C,1.54
YDR517W,91
YEL018C-A,0.123
YLR262C-A,139
YDR334W,12.9
YJL042W,35.3
YER046W-A,0.142
YDR486C,28.2
YPL236C,4.16
YOR155C,26.1
YDR377W,159
YER056C-A,760
YPR150W,1.53
YOL079W,1.31
YGL128C,5.97
YOR102W,0.475
YER070W,4052
YBR089C-A,86.6
YGL234W,588
YHR153C,1.27
YMR068W,12.2
YLR175W,444
YIL041W,910
YGL013C,13.9
YNL196C,1.5
YLR204W,2.48
YJR070C,580
YHR157W,1.49
YKR001C,309
YBL103C,10.1
YDL193W,34.8
YDR187C,1.54
YHR140W,1.84
YKL006C-A,8.79
YDR047W,101
YDL035C,12.8
YDR374C,1.49
YDR453C,53.7
YGL240W,11.3
YOR059C,10.2
YDL090C,28.9
YJL180C,62.1
YLL067C,1.47
YLR067C,9.92
YKR080W,221
YCL057C-A,24.8
YDR468C,2.04
YJL067W,1.23
YBR124W,1.35
YHL016C,2.15
YLR330W,83.8
YBR239C,2.91
YDL217C,4.47
YKR024C,38
YGR111W,15.7
YFL025C,0.419
YOR063W,3886
YKL032C,40.1
YKL219W,1.71
YJL146W,24.8
YDR179W-A,3.29
YBR199W,318
YPL183C,51.8
YGR292W,35.8
YJR092W,16.2
YEL064C,0.019
YGR091W,27.9
YDR325W,17.5
YDR367W,59
YPL200W,0.021
YPR040W,48.7
YNL041C,40.7
YGR224W,2.54
YJL157C,4.46
YBR048W,3582
YFL022C,202
YJL142C,1.33
YMR107W,5.87
YOR230W,410
YOL144W,371
YLR312C,1.47
YHL034C,494
YPL220W,2280
YDL072C,123
YIL120W,1.52
YPR026W,1.45
YCR054C,74.3
YER177W,2057
YBR256C,77.5
YPL066W,687
YBR043C,10.1
YBR116C,1.36
YDL140C,260
YMR291W,128
YMR211W,11.9
YDR402C,2.25
YNR016C,954
YCL029C,8.34
YLR056W,333
YER151C,128
YOL007C,9.5
YLR240W,22.4
YOR254C,237
YDR285W,4.43
YBR237W,10.4
YNR022C,37.5
YER065C,678
YML054C,114
YIL121W,29.2
YKL068W,69.6
YPR061C,4.85
YML040W,17.3
YNL308C,297
YDL041W,1.93
YER042W,66.6
YBR123C,123
YGL101W,38.3
YNL106C,29.4
YKL180W,909
YDL152W,3.15
YKL202W,1.68
YCR010C,6.93
YLR289W,26.4
YOL043C,2.76
YJR090C,8.6
YOR192C-B,2.11
YER038W-A,0.309
YGR005C,10.3
YNL127W,11.9
YGR037C,407
YMR116C,5318
YBR114W,4.57
YJR127C,4.53
YML061C,18.9
YLR040C,0.013
YPR078C,1.62
YJR020W,1.4
YHL033C,3415
YJL133C-A,0.972
YBR058C,32.6
YEL028W,1.51
YOR310C,531
YDL242W,1.74
YML058W-A,2.17
YLR180W,2217
YDR365C,111
YBR207W,29.4
YDR208W,6.94
YOL075C,17.3
YMR109W,150
YNL172W,3.78
YJL023C,6.38
YJL129C,1.55
YDR147W,25.5
YPL241C,30.8
YLR422W,5.99
YDR230W,1.45
YIR027C,3.38
YML127W,43.6
YGL249W,1.88
YBR302C,2
YBR112C,121
YKL098W,1.85
YMR178W,497
YJR125C,30
YNL162W-A,4.89
YDL144C,64.8
YDR084C,14.9
YDR336W,1.33
YGL074C,1.55
YBR159W,446
YDR411C,13.6
YBL098W,20.7
YKR077W,548
YOL064C,180
YDL171C,737
YCL048W,0.2
YJL177W,786
YOR344C,5.53
YNL097C-B,0.129
YER015W,14.4
YDR249C,1.57
YHR194W,10.9
YDR525W,1.27
YLR010C,1.67
YDL127W,6.48
YOL103W,6.83
YER111C,6.54
YPL259C,43.5
YDR225W,116
YDR501W,1.4
YOL038C-A,0.218
YGL189C,1462
YOL059W,360
YCR089W,0.006
YPR022C,3.48
YGR059W,2.42
YOR205C,9.11
YNL300W,72.1
YBL076C,957
YDR168W,186
YIL076W,277
YLR226W,34.6
YHR098C,168
YGR038C-B,4.55
YLR181C,61.7
YAR047C,1.38
YDR025W,3347
YFL059W,2.8
YNL240C,3.17
YDR205W,12.8
YLL063C,1.56
YOL069W,17.4
YGL224C,5.9
YOR189W,26.9
YEL062W,4.95
YIL086C,1.17
YGR002C,26.8
YOR268C,1.52
YJL118W,3.8
YOR331C,1.8
YDL204W,47.5
YOR297C,38.4
YGR251W,21
YLR261C,1.47
YOR056C,90.2
YHL020C,29.5
YBR156C,4.67
YDR162C,6.13
YIR032C,5.23
YPL232W,58.2
YNL036W,152
YLR277C,134
YLR334C,1.52
YFL028C,64.6
YGL206C,630
YNR072W,1.44
YKL053C-A,34.2
YKL083W,0.008
YGL063W,0.028
YNL338W,1.13
YLR083C,49.1
YML036W,7.12
YMR127C,2.34
YDR219C,17.2
YML123C,2318
YKL015W,7.25
YLR447C,148
YIL110W,32.2
YDR414C,1.84
YOR075W,7.71
YLR022C,155
YPL022W,22.8
YPR137C-B,6.18
YGR183C,72.2
YLR103C,15.2
YBR065C,31.5
YJR119C,6.92
YPL197C,1.32
YPR030W,1.93
YOR318C,1.41
YKL005C,14.9
YCL043C,237
YNL089C,1.42
YGL073W,6.01
YDR276C,0.377
YHL042W,2.01
YKL072W,3.76
YOL129W,29.7
YOL040C,959
YCR028C,11.7
YPL278C,1.31
YMR092C,215
YGL226C-A,33.4
YHR050W,2.77
YNL247W,401
YLR089C,91
YDR450W,1518
YHR141C,703
YJR105W,683
YKR065C,52.8
YHR197W,164
YOR163W,52.6
YJR084W,23.3
YPR068C,5.05
YDR504C,7.27
YPR010C,298
YJR031C,30
YHR086W,27.3
YKL099C,12.5
YIL159W,12.4
YGL001C,145
YDR048C,1.1
YIL104C,58
YEL047C,271
YOR343W-B,2.09
YGL184C,3.52
YLR250W,77.7
YOL152W,2.83
YPL079W,5391
YGR066C,1.51
YDL091C,2.8
YPR186C,11.9
YMR014W,50
YFR031C,33.1
YLR162W,6.13
YNL233W,9.67
YPL028W,805
YPL166W,8.52
YML057W,127
YPL205C,1.35
YPR004C,198
YJL027C,1.6
YBL005W,2.36
YMR088C,1.63
YLR183C,5.7
YDL119C,16.1
YLR223C,14.3
YCR009C,314
YGL044C,43.6
YCL005W-A,0.205
YKR090W,21.7
YBL008W,8.05
YGL017W,18.6
YGL215W,1.83
YKR010C,5.49
YBL021C,25.7
YER061C,21.6
YKR007W,36.6
YLR315W,21.6
YAL001C,7.58
YDR373W,60.2
YDR012W,2730
YOL126C,121
YML011C,14.1
YOR066W,1.99
YMR122C,1.62
YLR149C,3
YDR261C-C,18.9
YML006C,5.14
YFL008W,77.6
YMR083W,525
YLR286C,75.6
YOL028C,14.2
YBR244W,64.1
YOR105W,26
YJL089W,1.47
YKL078W,10.2
YNL018C,1.99
YGL236C,7.87
YDR250C,3.35
YFR034C,0.758
YML051W,7.41
YHR208W,1003
YNL202W,4.66
YEL076C,1.47
YDL112W,43.8
YDR140W,26.8
YGL029W,61.3
YGL263W,1.72
YDL116W,94.4
YGL157W,148
YBR190W,1.47
YJR026W,17.3
YBR030W,56.1
YDR429C,39.3
YMR222C,23.6
YGR069W,1.48
YPL113C,4.21
YOL113W,8.8
YOL139C,564
YFL036W,148
YCR015C,11
YPR199C,1.5
YLR120C,37.6
YOL133W,7.78
YLR410W-B,2.55
YMR153W,28.9
YNL020C,15
YIL077C,8.82
YEL042W,176
YER083C,38.4
YEL066W,13.3
YML111W,8.08
YMR098C,18.9
YDR473C,15.4
YOR354C,90.8
YDL245C,0.021
YDR424C,45.6
YBL014C,3.75
YML132W,6.21
YNL250W,12.1
YDL214C,1.56
YCL012C,7.83
YNL241C,341
YLR150W,1197
YJL001W,138
YFL041W-A,0.307
YCL025C,328
YDR464C-A,2.81
YDR258C,270
YBL097W,8.63
YDL195W,320
YLR257W,247
YER018C,27.1
YKR005C,1.43
YMR273C,4.9
YPL189C-A,0.027
YDL209C,27.8
YOR206W,320
YKR060W,52.4
YGR242W,1.65
YBL065W,1.19
YMR104C,13.2
YMR145C,421
YGL070C,95
YGL193C,1.28
YDR261W-B,1.04
YJR115W,2.04
YFL042C,5.09
YHR193C,1160
YGL135W,3626
YLR323C,9.56
YGL045W,12.8
YFL015C,1.42
YNL248C,57.6
YML077W,2.27
YGL078C,380
YLR317W,1.42
YLR136C,2.94
YOR161C,9.45
YLR100W,103
YCR083W,27.3
YPR010C-A,3.66
YCR073C,1.79
YER009W,55.7
YNL306W,42.9
YBR277C,1.52
YDR286C,2.57
YGL055W,87.3
YCL002C,1.45
YOR366W,1.28
YKL178C,0.051
YNL040W,27.6
YNL146W,6.71
YDR305C,20.5
YGR123C,144
YDR129C,297
YKL224C,1.39
YMR209C,11.5
YKR031C,11.4
YMR265C,1.62
YEL024W,76.8
YMR252C,3.22
YBL029W,2.59
YIL004C,8.38
YMR234W,3
YCR002C,153
YJR148W,359
YJR085C,23.2
YPL060W,4.84
YKL165C-A,1.71
YGL174W,8.72
YDR337W,74.1
YBL083C,1.47
YOR033C,6.32
YER109C,1.83
YIL039W,30.1
YAL067C,1.47
YDR446W,3.66
YPL064C,19.5
YDL026W,0.208
YKL023W,22.1
YMR253C,7.5
YOR373W,13.1
YML130C,104
YDR093W,26.4
YBR168W,1.94
YER035W,23.6
YPL082C,90.6
YJL166W,81.3
YIL176C,1.14
YHR131C,3.35
YHR038W,25.6
YOL050C,1.42
YNL262W,26.2
YLR154W-A,0.266
YOL015W,2.78
YOR053W,1.49
YNL317W,61.9
YBR022W,21.6
YDR052C,6.8
YNL119W,31.6
YER001W,60.7
YPL036W,1074
YDL187C,1.33
YER003C,260
YGR031C-A,0.021
YMR091C,50.1
YLR325C,922
YER129W,7.6
YDR498C,43.6
YOL009C,9.04
YML083C,1.7
YLR210W,1.33
YDR236C,9.03
YBR246W,28.9
YHR164C,23.4
YOR014W,46.8
YPR189W,142
YGR112W,34.2
YOL065C,12.5
YKR076W,17.6
YHR036W,12.3
YML068W,5.78
YDR211W,389
YKR047W,1.82
YLL010C,51.7
YLL005C,1.37
YHR219W,1.37
YPL103C,4.63
YER131W,4094
YOR117W,82.1
YDL019C,38.5
YHL022C,1.73
YJL070C,10.4
YDL109C,3.66
YNL320W,4.28
YNL027W,31.1
YMR299C,11.1
YOL080C,44.4
YNL275W,7.12
YGL123C-A,0.224
YML105C,68
YDR374W-A,0.05
YJR040W,3.92
YAL037W,1.44
YOR392W,1.51
YMR100W,0.845
YIR042C,1.5
YBR235W,2.78
YDR002W,360
YGL112C,77.9
YPL076W,6.25
YOR247W,13.5
YGR080W,49.7
YGR282C,424
YML107C,16.9
YIL035C,105
YPL114W,1.46
YLR456W,5.56
YNL103W,30.1
YBR084C-A,1440
YDR227W,15.9
YLR238W,0.179
YKL110C,46.4
YIL136W,240
YHR011W,9.34
YEL061C,4.34
YDR393W,4.02
YGL161C,9.77
YGL111W,60.9
YMR102C,13.4
YLR173W,1.19
YDR309C,11.6
YCL014W,9.04
YHR087W,103
YNL204C,1.38
YDR422C,9.39
YMR170C,39.9
YNL166C,37.4
YDR436W,5.2
YJR106W,1.45
YPL037C,790
YNL098C,270
YGR154C,2.02
YLR117C,17.9
YBR204C,4.52
YAL042W,48.2
YML024W,1881
YOR357C,10.1
YDR117C,78.4
YOR336W,9.62
YML034W,31
YJL053W,21.1
YHR132C,25
YCR088W,181
YPL119C,20.1
YNR043W,384
YDL191W,4151
YJL225C,1.37
YDR246W,36.7
YDR163W,8.65
YEL008W,1.97
YJL124C,94
YGL027C,70.6
YNR040W,22
YLR307C-A,0.005
YBR148W,1.73
YOR008C,37.6
YPL184C,86.3
YCR104W,1.38
YOR260W,152
YKR021W,5.97
YDR440W,18.9
YIR016W,1.49
YGL052W,1.45
YPR159W,65.4
YDL211C,24.5
YEL077C,1.52
YLR185W,568
YNR023W,8.79
YLR398C,79.6
YMR194W,976
YIL094C,343
YBL030C,942
YGL041C,1.49
YAL008W,23.5
YDR239C,9.22
YLR466W,1.72
YLR078C,11.5
Q0070,0.001
YLR216C,480
YPR017C,22.7
YHR187W,58.7
YLR035C,5.71
YKL093W,1.7
YMR062C,191
YHR004C,7.17
YKL021C,60
YML119W,2.64
YLR266C,1.84
YDL143W,219
YER076C,1.49
YGL261C,1.39
YJL155C,25.5
YDL141W,52.8
YER051W,7.02
YFL051C,1.33
YDR397C,59.5
YGR045C,1.39
YOL120C,1372
YPR133W-A,20.2
YOR321W,19.8
YDL228C,1.47
YBL042C,46.3
YBR012W-B,4.24
YMR158W,5.35
YNL314W,1.6
YDR135C,45.8
YKR054C,7.91
YJL061W,112
YPL211W,104
YBR088C,246
YDL244W,1.64
YIL021W,132
YJR022W,16.3
YLR225C,55.2
YBR121C,1579
YOR281C,92.8
YDR092W,94.3
YCR094W,10.5
YDR061W,35.7
YNR017W,54.2
YNL006W,27.8
YOL025W,4.77
YGR143W,6.54
YER068W,78.2
YJR138W,5.31
YNL059C,49.5
YIR023W,7.77
YER007W,16.4
YBR111W-A,16.1
YIL020C-A,0.089
YOL157C,6.03
YBL060W,2.05
YOR083W,18.8
YDR200C,10.5
YGL093W,5.74
YDL053C,93.9
YBR293W,10.5
YDL154W,1.21
YLR207W,3.95
YDR438W,1.38
YMR279C,1.48
YIL097W,11.9
YKR011C,23.7
YBR042C,16.5
YLR455W,34.2
YDR071C,174
YLR459W,2.31
YDR513W,348
YPR012W,1.22
YKL133C,4.84
YHL003C,50.4
YBL106C,2.34
YCR097W,1.52
YOR369C,3217
YMR141C,1.62
YIL008W,19.4
YCR097W-A,1.26
YKL190W,49.1
YDR379W,10.2
YNL267W,16.3
YKL169C,0.611
YMR018W,1.27
YOR095C,144
YEL068C,6.56
YJL039C,71.1
YOR072W,1.51
YPR121W,0.016
YDR266C,52.8
YMR013W-A,1.59
YDR317W,1.66
YCR057C,168
YIL102C,1.09
YGL115W,182
YLL061W,4.13
YER161C,31.1
YDL229W,2615
YAR053W,1.18
YLR377C,16.4
YNR070W,8.32
YPR160C-A,0.343
YNL037C,214
YDR274C,1.48
YEL058W,201
YBR147W,1.78
YOR021C,55.2
YNL213C,10.1
YER190W,1.37
YLR139C,30.5
YML007W,18.2
YKL221W,1.43
YLL029W,41.6
YER006W,259
YOL162W,1.37
YNL130C,20.8
YLR008C,53.6
YGR098C,2.23
YOR384W,5.74
YGL089C,1.61
YCR044C,35.5
YLR407W,44.2
YPL253C,14.9
YER143W,61.1
YML067C,53.1
YNL329C,20.4
YDR204W,11.5
YMR148W,25.9
YDL180W,2.15
YDL032W,2.07
YJR156C,6.42
YLR049C,3.57
YBL061C,37.5
YCR012W,15913
YDR180W,24.8
YOR002W,8.64
YKL065W-A,0.543
YBR274W,19.3
YBR064W,1.54
YHL027W,18.4
YMR242C,762
YDR439W,16.2
YFL019C,1.32
YPR193C,1.92
YLL019W-A,0.843
YIL138C,238
YGL216W,15.4
YKR043C,234
YNL110C,163
YPL250C,6.2
YGR129W,22.7
YBL108C-A,1.24
YLR157C-C,0.057
YNL173C,60.7
YLR171W,1.6
YGR246C,33.7
Q0110,0.006
YBL055C,43
YPL181W,18
YGL020C,69.9
YDR433W,1.4
YDR299W,216
YDR535C,1.49
YGL248W,11.5
YLR436C,17.5
YJL203W,24.6
YNL200C,15.9
YMR093W,205
YDR376W,20.8
YDR076W,10.4
YHL018W,19
YGL019W,98.5
YPL013C,13.2
YMR058W,164
YCL030C,993
YDR128W,6.51
YGL188C,1.37
YIL155C,98.9
YGR050C,1.58
YOR042W,70.2
YJL097W,59.6
YBR138C,3.15
YJR037W,1.44
YNL100W,69.1
YER176W,23.4
YPR024W,195
Q0140,14.4
YMR270C,2.33
YPR036W,416
YNR061C,4.44
YER165C-A,0.131
YHR121W,84.7
YGL153W,50.9
YJL125C,76.1
YIL173W,4.52
YJR080C,39
YKL137W,8.74
YOR277C,1.25
YGL222C,14.3
YCL045C,111
YJR142W,23.8
YPL150W,3.53
YLR001C,8.87
YFR038W,13.7
YOL107W,15.8
YDL093W,1.65
YHR112C,43.3
YPL091W,208
YBR271W,5.66
YER087C-B,17.9
YKL130C,96
YDR443C,3.93
YCL063W,1.95
YCR007C,1.47
YIR015W,16.2
YGL163C,2.61
YGL242C,11.6
YLR215C,41.5
YPR028W,199
YKL006W,1800
YOR275C,28.6
YIR020C,1.22
YNL163C,75.9
YIL043C,163
YMR289W,8.42
YBR091C,2.05
YBR232C,1.18
YPR005C,1.52
YPL169C,49.8
YAR002C-A,260
YGR117C,19.8
YML071C,64.9
YJL002C,182
YJR096W,136
YGL230C,2.33
YNL257C,42.2
YHR170W,248
YNL326C,21.6
YHR139C,2.49
YDR080W,13.2
YLL018C-A,64.8
YMR039C,79.8
YGR034W,2919
YIL054W,5.12
YPR138C,37.9
YDR149C,1.53
YKL100C,12.8
YEL053C,28.1
YMR318C,266
YJL143W,52.4
YDR329C,19.2
YIL059C,1.25
YER031C,136
YBR128C,1.39
YPR072W,106
YOL083W,4.3
YLR366W,1.34
YMR294W-A,1.53
YML016C,35.1
YJR140C,11.7
YOL062C,28
YLR174W,55.9
YBR258C,20.8
YMR059W,356
YLR073C,5.78
YPL033C,1.39
YBR201W,3.1
YIL073C,1.46
YLL014W,17.5
YGL088W,1.63
YGR126W,8.25
YDR218C,16.3
YJR118C,12.4
YPR137C-A,18
YPL206C,39.8
YDL006W,13.2
YCR027C,24
Q0085,1.61
YLR399C,164
YFR029W,1.19
YKL047W,41.7
YER046W,1.47
YMR179W,2.46
YNL078W,6.04
YNL290W,62
YDL135C,67.3
YOR362C,292
YBR055C,32.7
YBR222C,128
YCR066W,1.92
YER040W,7.6
YDL039C,1.35
YOR097C,10.4
YDL066W,448
YDR461W,255
YNR028W,6.85
YDR408C,154
YBR282W,27.4
YIL161W,21.8
YDR364C,14.9
YML129C,67.5
YEL074W,1.29
YHL037C,1.46
YOR316C-A,0.567
YEL038W,39.7
YDR095C,1.69
YNL147W,61.4
YKR048C,226
YHR068W,409
YER027C,42.7
YLR321C,64.9
YNL253W,24.9
YJL222W-A,0.762
YNL032W,34.3
YGL176C,0.018
YNL019C,1.45
YOR274W,25.1
YMR067C,38.3
YCR059C,36.6
YGR027C,2850
YGR016W,1.62
YMR121C,351
YML072C,235
YOR159C,4.13
YLR012C,1.3
YER034W,24.9
YER099C,81.9
YHR199C,49.4
YIL123W,15.5
YLR156W,3.98
YPR094W,8.71
YDL176W,2.32
YML031W,68.7
YLR409C,47.2
YNL278W,20.1
YCR084C,130
YBR280C,2.38
YHL021C,138
YLR251W,14
YGR003W,4.56
YJL160C,1.64
YPR132W,1974
YEL055C,110
YML099W-A,0.234
YLR182W,43.4
YOL081W,14
YGR280C,88.1
YPL080C,0.86
YJR155W,1.59
YNL052W,82
YJR147W,19.4
YHR071W,3.31
YJL064W,1.32
YOL101C,1.74
YKL197C,22.4
YOR118W,27.9
YBL109W,1.43
YDR409W,3.27
YPR194C,1.19
YNL309W,7.77
YLR021W,14
YMR130W,6.32
YPL110C,156
YKL059C,19.6
YDR282C,7.94
YMR025W,1.54
YDR349C,4.88
YMR114C,2.25
YFR052W,356
YDR483W,378
YAL027W,9.81
YDR260C,1.63
YOR227W,13.2
YKL009W,466
YPR116W,16.7
YFL047W,32.9
YAL061W,31.6
YOR352W,27.2
YGR283C,35.8
YLR123C,1.22
YPL139C,37.6
YGL065C,31.4
YPL183W-A,27.1
YPR164W,2.39
YER044C-A,1.34
YOR055W,2.12
YNL097W-A,0.299
YLR296W,1.43
YGL214W,1.46
YLR079W,8
YGL211W,31.1
YOL124C,31.8
YGR218W,212
YHR009C,71.3
YJR060W,193
YDL206W,2.25
YGL107C,70.8
YMR136W,1.33
YOR162C,3.36
YJR088C,109
YHR031C,5.56
YLR031W,1.3
YJL115W,65
YDR537C,1.5
YMR032W,14.2
YLR347C,504
YPR135W,36.6
YKR088C,97.7
YPL008W,2.51
YMR157C,49
YHR214C-C,11.8
YPR140W,54.9
YDR262W,40
YKR103W,2.11
YKL155C,30.1
YER060W-A,0.501
YDR034W-B,16.1
YGL097W,232
YDL050C,4.74
YHR084W,21.4
YLR367W,984
YAR028W,19.3
YDR066C,13.1
YPL111W,542
YDR401W,1.69
YAL040C,1.42
Q0045,6.72
YKL206C,31.9
YNL331C,1.42
YJL186W,116
YPL246C,107
YLL025W,1.76
YLR109W,4084
YKL061W,20.7
YJL032W,0.118
YLR133W,66.4
YER190C-B,0.006
YKL184W,15.6
YBR045C,0.099
YGL139W,7.9
YNR041C,6.26
YBR051W,1.68
YBR247C,217
YDL088C,44.7
YDR406W,43.1
YKL050C,8.6
YNL153C,140
YOR161W-B,0.292
YKL212W,508
YML118W,4.47
YNL176C,2.42
YOL018C,3.49
YPR073C,47.9
YBR085C-A,114
YBR096W,33.6
YER058W,1.01
YOR348C,54.4
YHR005C-A,406
YDR456W,15.9
YDR527W,30.5
YDR265W,2.84
YLR144C,20.6
YOR026W,12.8
YJL005W,21.4
YDL037C,1.48
YHR052W,540
YML074C,131
YIL141W,1.97
YLR448W,1351
YNL227C,19.1
YNL183C,41
YDR428C,2.47
YDR365W-A,19.1
YMR282C,23.4
YBR228W,1.48
Q0115,0.201
YHR093W,1.55
YGR159C,833
YDR008C,1.55
YBL069W,22.5
YHR076W,46.6
YNL141W,366
YGR261C,75.3
YDL151C,1.79
YDL045C,2.55
YPL281C,11.8
YDL100C,249
YBL101C,15.5
YMR078C,3.12
YOR009W,0.169
YOL085C,1.28
YHR111W,41.9
YBL085W,61.4
YPR033C,437
YJR009C,4220
YDR102C,1.27
YGL123W,1097
YPL255W,12.7
YLR438W,568
YNL086W,9.42
YMR304C-A,1.21
YLR302C,1.21
YGR243W,57.1
YPR043W,803
YDL014W,350
YBR186W,1.19
YMR016C,9.29
YDR310C,21.3
YIL045W,9.44
YDR508C,390
YER125W,35.1
YKL067W,178
YHR183W,3195
YLR046C,1.42
YGL126W,14.2
YLR271W,12.2
YGR020C,160
YNL013C,1.52
YJL189W,1166
YEL006W,13
YHR070C-A,0.076
YEL052W,47.4
YBR153W,2.62
YLL060C,2.21
YHL023C,7.89
YAL017W,17.5
YHR039C,179
YLR157C,0.072
YER112W,112
YNL054W-A,14.1
YPL258C,5.21
YBL053W,1.42
YPL239W,227
YKL064W,10.9
YBR178W,1.4
YPR047W,28.8
YOR081C,9.6
YDR041W,64.1
YKL103C,85.5
YLR427W,29.1
YDR013W,14.5
YOR139C,1.44
YHL045W,1.46
YBR292C,1.43
YNL045W,98.2
YBR196C,3343
YDR405W,69.8
YER116C,1.97
YMR268C,7.33
YHR177W,1.88
YPR145W,1365
YDR051C,68.8
YKL105C,6.9
YDR036C,52.4
YBR080C,114
YHR066W,92
YER144C,4.41
YOR017W,19.3
YBR183W,1.25
YPL002C,9.16
YGR264C,969
YJR063W,232
YDL207W,25.4
YBL058W,105
YMR030W,12.2
YOR385W,5.48
YAL002W,7.02
YNL337W,1.37
YDR394W,45
YGR023W,1.86
YGL008C,10216
YEL022W,83.4
YKL100W-A,0.254
YLR380W,149
YGL143C,9.55
YHR213W-A,0.191
YDR164C,13.7
YOR334W,7.01
YPL152W,21.2
YPR064W,1.62
YBL048W,1.36
YLR262C,119
YDR232W,237
YJL174W,12.1
YIL083C,80.4
YDR170C,254
YFR010W,176
YPL017C,48.1
YDR459C,1.26
YPL087W,3.37
YKL186C,48.1
YNL211C,1.82
YER048W-A,81.4
YGL140C,17.3
YJR035W,1.96
YJL052W,2250
YJL122W,76.1
YDR314C,0.954
YLL054C,4.26
YPL282C,1.67
YJR004C,0.259
YFL060C,3
YER020W,59.3
YOL097C,299
YCR095C,45.5
YDR416W,17.3
YDR387C,1.41
YKL143W,39.1
YDR030C,3.16
YGL053W,15.1
YLR297W,8.13
YML009C,30.4
YMR235C,615
YJR150C,0.106
YMR165C,41.9
YLL066W-A,1.16
YPL257W,1.41
YDL215C,186
YKL146W,8.93
YDR363W-A,120
YNR003C,14.6
YIL085C,24.9
YJR120W,1.61
YIR022W,45.5
YKL053W,1.65
YBR166C,55.4
YNL001W,84.5
YLR404W,8.17
YER093C,2.14
YGL085W,7.03
YMR172W,2.14
YPL026C,31.3
YBL003C,737
YJL134W,3.42
YMR043W,79.9
YPR112C,54.8
YOR358W,12.5
YPR015C,1.35
YDR465C,50.2
YJR099W,7.03
YLL007C,7.99
YDR316W,12.8
YNL258C,84.9
YIL070C,119
YFR023W,6.73
YJL059W,2.04
YPR158C-D,4.88
YOL163W,1.42
Q0060,1.09
YBR095C,22.7
YOL128C,2.15
YGR170W,2.21
YOL019W,11
YBR270C,1.66
YLL066C,1.52
YDR259C,10.6
YGL054C,128
YMR229C,315
YER175C,23.7
YMR302C,59.1
YDR355C,1.42
YJR117W,220
YJL199C,1.55
YDR221W,74
YFL065C,1.68
YIL001W,2.32
YDR107C,2.27
YKL048C,9.29
YLR293C,318
YER036C,539
YGR179C,22.1
YMR138W,7.96
YMR244W,1.54
YJL135W,1.36
YNL195C,2.55
YDR432W,985
YPL054W,1.59
YLR339C,0.209
YMR056C,3.92
YPL260W,194
YLR394W,1.39
YLR071C,10.3
YDR182W,26.8
YGL179C,0.343
YGR153W,1.59
YBR184W,2.03
YPL283W-B,0.006
YDR033W,1584
YNL246W,33.7
YDR081C,9.23
YDL058W,82.6
YCL021W-A,1.76
YMR002W,143
YLR356W,180
YLR353W,1.94
YDR496C,238
YPL193W,8.87
YDL121C,70.9
YHR172W,22.6
YFL010C,58.2
YPL010W,80.5
YHR051W,309
YGL165C,1.57
YLR411W,1.57
YOR211C,29.5
YNR075W,17.7
YLR106C,114
YDR136C,1.53
YBR250W,2.47
YCR099C,1.43
YOL023W,37.1
YDR395W,217
YHR136C,37.4
YDL166C,107
YKR071C,149
YHR184W,1.89
YJL109C,367
YGR248W,59.8
YNL149C,51.7
YBR046C,52.8
YML104C,7.3
YLR393W,18.5
YGR234W,3315
YER002W,81
YHR159W,5.37
YLR252W,1.26
YKL118W,0.077
YJR071W,2.22
YGR086C,1081
YNR076W,1.41
YHR166C,3.48
YJR028W,16.2
YFR048W,17.2
YDR210W-B,5.33
YDL024C,1.4
YPL134C,62.8
YJL072C,1.6
Q0120,0.009
YDL080C,21.1
YBR086C,94.8
YNL150W,0.03
YLR375W,13.6
YNL091W,21.7
YGR262C,32.5
YBR130C,47.1
YBR049C,128
YIR030W-A,0.054
YKL092C,21.6
YNL339W-A,0.508
YDR493W,4.67
YPL085W,55
YJR162C,1.42
YLR177W,16.7
YNR034W,46.1
YOL086W-A,0.412
YKR061W,1.25
YPL250W-A,0.133
YNL159C,4.93
YPL015C,58.6
YKR044W,4.47
YBR024W,21.6
YDL221W,5.55
YKL140W,17
YOR322C,11.1
YBR169C,158
YIR001C,67.3
YBR010W,1508
YGR215W,30.7
YGL039W,32
YER155C,42.6
YGL185C,11.7
YOR233W,13.1
YDR064W,345
YNL207W,103
YDR199W,1.13
YJR097W,21.1
YML013W,99.5
YAL045C,1.05
YGR274C,19.9
YKR013W,3.02
YOR004W,105
YIR012W,237
YDR023W,1045
YOR132W,81.2
YER078C,44.8
YEL030C-A,0.055
YKL187C,3.05
YHR021C,433
YER152W-A,0.364
YOL130W,8.02
Q0105,0.024
YER127W,27.7
YFL021C-A,0.3
YDL068W,1.49
YOL164W,0.112
YKL129C,39.9
YPL204W,107
YDR194W-A,0.244
YIR005W,8.87
YBR287W,55.9
YPL283C,1.34
YOR209C,375
YFR042W,0.099
YGR074W,36
YDR039C,11.7
YIL042C,35.5
YCR101C,1.4
YLR288C,4.23
YGR169C-A,23.2
YPL252C,137
YOL135C,55.4
YNL108C,46.6
YGL108C,27.6
YOR110W,28.1
YLR200W,37.3
YGL171W,20
YKR018C,91.9
YCR024C-A,1268
YHR158C,43.9
YHR133C,59.4
YLR157C-B,11.3
YKL063C,46
YLL059C,1.57
YDR502C,636
YER049W,137
YOL067C,42.4
YFL007W,29
YOL041C,200
YJR043C,20.4
YGR195W,57.8
YIR028W,1.5
YIL131C,14.2
YMR288W,7.5
YPR151C,1.89
YGR175C,696
YOR311C,14.6
YGL226W,10.1
YGL059W,8.82
YDR354C-A,0.221
YOR210W,128
YLR161W,0.184
YIL119C,12.1
YJR039W,1.65
YEL004W,1.7
YMR236W,71.9
YGR293C,1.38
YGR151C,4.95
YPL035C,1.25
YPR203W,1.45
YIL015W,23.4
YNL325C,6.34
YIL153W,44.4
YDL009C,1.36
YKR069W,10.2
YPR125W,146
YBL023C,33.1
YDR132C,4.32
YJL047C,2.75
YDL167C,42.8
YPL207W,92.1
YGR250C,48.1
YKL211C,334
YEL048C,72.1
YMR251W,2.54
YLR396C,15.5
YGL221C,90.5
YKL134C,28.4
YDL132W,199
YGR260W,48.8
YOL109W,844
YJL057C,8
YBR219C,1.29
YDR543C,1.28
YPR127W,36.5
YDR330W,69.7
YPL051W,19.3
YDL096C,1.71
YHR182C-A,0.095
YGL251C,1.55
YCR003W,39.6
YNL178W,2327
YML004C,42.5
YOL096C,4.91
YOR361C,701
YCL018W,16.3
YPL221W,33.5
YNL146C-A,0.087
YNL189W,156
YER013W,30.4
YIR029W,1.45
YGR191W,85.5
YNL264C,47.4
YML008C,1001
YGR076C,41.5
YOR194C,2.02
YJL194W,1.98
YIL047C-A,0.117
YPL099C,6.29
YCL032W,14.4
YKR085C,18.6
YOR301W,1.93
YGR089W,11.6
YDL240W,6.3
YAL005C,5396
YKL026C,3.41
YLR412W,64.2
YCR024C,7.87
YLR130C,9.94
YJR010C-A,98.7
YJL128C,46.7
YJL204C,24
YLR003C,33
YDR133C,1.26
YPL151C,48.1
YBR286W,741
YCR043C,56.6
YJR007W,442
YPR115W,9.16
YOR153W,477
YKL023C-A,0.105
YDL142C,7.91
YML095C,3.04
YLL056C,32.5
YGR092W,44.3
YDL005C,112
YDL065C,88.5
YLR199C,37.5
YCR072C,31.9
YKL081W,2602
YFR010W-A,0.031
YFL045C,537
YBR056W,59.3
YLR352W,2.75
YNL012W,1.35
YPL077C,1.62
YOR019W,1.59
YIL082W,1.8
YPL094C,190
YGL087C,60
YPL234C,36.9
YML093W,63.5
YMR168C,23.5
YLR241W,1.4
YLR421C,128
YNL273W,10.5
YLR159W,0.184
YDR009W,6.98
YDL069C,5.2
YER084W,10.6
YDL114W,3.5
YNL208W,19.2
YLL018C,637
YIL124W,51.2
YLR287C,114
YER017C,50.8
YOL140W,220
YGL037C,159
YLR069C,92.3
YMR322C,3.07
YFR050C,253
YDR404C,107
YDR191W,4.61
YGL187C,203
YLR443W,1.44
YJR083C,20.4
YDR381C-A,17
YDL222C,7.92
YLR267W,8.24
YLR343W,0.408
YPL012W,216
YER110C,906
YML112W,29.8
YIL093C,57.5
YMR232W,11.7
YHR204W,4.95
YPL170W,57.2
YKL218C,4.84
YGR078C,142
YLR314C,441
YGR227W,1.99
YOR013W,1.48
YOR251C,64.1
YNL251C,195
YJR094C,1.54
YGR070W,1.72
YMR087W,1.75
Q0055,0.01
YJR005C-A,0.178
YGR286C,14.1
YJR126C,719
YCL051W,3.22
YPR086W,102
YDR271C,1.66
YDR471W,1447
YAR073W,39.6
YNL030W,5290
YOL112W,14.1
YDR418W,1411
YNL237W,0.008
YNL281W,202
YPR074C,1468
YKL002W,14.6
YHR139C-A,1.63
YJR002W,33.6
YJR089W,2.05
YOL020W,40.9
YKR062W,22.8
YJL127W-A,1.54
YDR505C,14.9
YNL024C-A,0.978
YPR120C,3.88
YGL096W,1.55
YNL313C,168
YGL168W,1.52
YHR107C,105
YDL074C,69.8
YFL021W,20.4
YGL183C,1.71
YFL031C-A,0.941
YGL202W,647
YLR129W,149
YNL256W,52
YPL143W,334
YBR126C,263
YHL005C,1.56
YLR227W-A,17.3
YHL009W-A,0.084
YDR069C,20.9
YAL013W,9.84
YMR012W,520
YBL081W,1.74
YAL003W,2155
YML064C,13.2
YDR253C,2.4
YJL172W,108
YLR202C,1.61
YDL002C,33
YGR093W,27.6
YOR142W,332
YDR233C,1028
YDR499W,14.5
YDR167W,39.3
YOR166C,1.65
YCL076W,1.45
YLR086W,13.3
YOL066C,30.3
YPR051W,28.4
YML096W,38.7
YPL248C,3.57
YJR160C,0.14
YKL018W,17.6
YNL242W,8.26
YLR143W,62.2
YBR193C,16.4
YMR137C,3.75
YHR097C,10.7
YDR354W,73.9
YLR232W,1.28
YIL088C,16
YLR457C,10.9
YML010W,132
YDR248C,19.6
YDR341C,354
YLR270W,134
YER095W,89.4
YJL116C,1.95
YOR187W,530
YJR144W,59.9
YFR040W,64.1
YDL007W,28.7
YGL149W,1.59
YBR047W,16.5
YHR101C,25.9
YOR305W,11.9
YDR182W-A,0.174
YGR254W,4967
YOL045W,20
YOR365C,1.35
YBR218C,436
YAL060W,193
YOR312C,574
YIL062C,156
YLR382C,28.1
YHR142W,22.1
YMR142C,1924
YDL051W,70.6
YER019C-A,45.1
YDR060W,211
YMR172C-A,1.4
YDR111C,32.3
YDR340W,1.52
YER082C,56
YLR264W,582
YLR435W,133
YNR024W,18.8
YNR029C,21.4
YCR033W,5.7
YLR249W,10074
YPL195W,128
YHR091C,2.26
YLL019C,1.91
YMR057C,1.45
YIL065C,46.4
YNR063W,1.38
YGR231C,72.2
YDL157C,16.3
YOR379C,0.165
YPR191W,458
YIL058W,1.22
YER158C,6.33
YML101C,29.1
YOR161W-A,0.186
YBR160W,117
YOR024W,1.54
YML106W,403
YPR069C,257
YDL095W,351
YAR014C,23.2
YFL044C,25
YLR429W,136
YBR255W,7.9
YIL092W,4.17
YKL171W,2.38
YBL062W,1.49
YLR034C,13.6
YNL026W,14
YBR161W,15.1
YKL138C,51.6
YNL125C,7.65
YGR138C,19.2
YDL117W,5.07
YDR478W,3.94
YDL184C,765
YBL043W,0.091
YFL013C,26
YML048W,194
YJR072C,153
YNL105W,1.3
YIL056W,6.43
YDL212W,94.2
YJL090C,28
YHR035W,3.19
YMR186W,4137
YGL127C,17.6
YBR236C,30.4
YGR150C,44.1
YOR381W-A,2.09
YOR054C,3.73
YKL164C,33.8
YFL040W,1.35
YPR180W,65.2
YGR295C,16.1
YDR288W,19.2
YPR128C,31.5
YDR333C,28.4
YKL131W,1.46
YGL172W,79.4
YJL126W,2.83
YGR038C-A,14.7
YOL058W,1066
YHR178W,4.82
YAR007C,113
YFL024C,10.6
YPR153W,1.79
YOL037C,1.3
YNL155W,50
YIL105C,62.2
YGR268C,7.6
YEL060C,81.8
YDR175C,44
YNR049C,12.5
YKL001C,94.4
YDR098C-A,15.1
YMR086C-A,1.21
YOR203W,0.031
YLR036C,8.76
YNL190W,24.9
YKR087C,2.26
YGR164W,1.31
YER048C,78
YDR194C,179
YFL034C-B,27.4
YPL067C,32.1
YPL199C,53.1
YDR512C,4.82
YJR094W-A,639
YLR312W-A,98.9
YBR028C,30.4
YNL161W,8.99
YDL036C,7.67
YCR047W-A,0.297
YHR072W-A,145
YJL020C,83.3
YPR201W,1.77
YER041W,2.5
YGL100W,13.7
YER156C,138
YLR453C,6.33
YLR030W,0.087
YHL044W,1.6
YMR246W,535
YGR177C,26
YKR006C,81.6
YBR211C,14.9
YNL035C,44.2
YBR142W,63.3
YJL178C,129
YMR140W,15.8
YBR027C,1.63
YDR097C,46.4
YML128C,63.6
YOL148C,32.9
YBR041W,123
YNR077C,1.39
YJL015C,1.61
YMR052C-A,1.2
YPR036W-A,1.07
YKR003W,56.8
YDR321W,41.5
YDR215C,1.37
YOR015W,1.39
YGL151W,37.3
YKL209C,20.1
YNR025C,2.65
YJR129C,12.2
YDR123C,6.22
YLR383W,4.79
YOL011W,7.48
YDR179C,7.34
YPL130W,5.67
YGR010W,23.6
YGR018C,1.63
YPL229W,9.42
YLR023C,0.516
YPL176C,4.4
YDR247W,17
YJL123C,92.3
YNL170W,1.81
YKR068C,33.5
YEL035C,1.42
YBR019C,2.15
YOR234C,775
YOR225W,1.42
YBR012W-A,14.4
YER004W,49
YIL101C,6.3
YLR408C,11.2
YPL212C,126
YNR071C,1.67
YEL036C,12.8
YCR001W,1.31
YER182W,25.2
YKL058W,36.2
YNL209W,4273
YDR515W,22
YBL031W,3.77
YBR272C,20.6
YOR217W,81
YPL147W,2.73
YMR128W,53
YGL220W,76.6
YOL044W,8.19
YHR124W,0.203
YBL087C,1405
YLR169W,1.46
YDL056W,6.58
YOL031C,28.9
YAL059W,62.7
YDR335W,45.2
YOR141C,28.4
YPR141C,26.5
YOR167C,976
YPL228W,55.1
YBL105C,30.8
YNL097C,28.9
YMR029C,63.2
YDR115W,16.1
YJR076C,107
YPL136W,1.42
YPL045W,23
YLL021W,20.5
YGL062W,239
YJL004C,5.54
YCR075W-A,0.569
YDR326C,3.65
YGL076C,4341
YMR174C,10.1
YCL055W,30.1
YDR427W,234
YNL334C,4.95
YJR153W,0.282
YDR292C,55.2
YDL055C,3349
YNL056W,36.5
YMR296C,232
YJL179W,32.6
YKL073W,42.8
YGR052W,4.43
YLR176C,4.74
YPL038W-A,0.088
YMR051C,14.9
YBR006W,8.39
YNL311C,13
YMR202W,146
YLR082C,12.5
YPR002W,52.8
YIR014W,1.94
YNL115C,6.71
YBR125C,6.63
YNL055C,2529
YKL055C,17.7
YPL175W,14
YER071C,13.4
YER064C,14
YKL060C,20543
YBL046W,19.6
YER066W,1.46
YER154W,84.4
YHR103W,6.6
YMR306C-A,1.67
YPL266W,28.3
YOR359W,38.6
YEL075W-A,0.064
YMR238W,42.6
YEL071W,657
YPL233W,32.8
YDR368W,372
YLR322W,1.51
YBR104W,9.99
YML050W,1.45
YPR158C-C,16.3
YPR200C,0.023
YML087C,1.39
YOR177C,1.65
YIL171W-A,1.54
YBR129C,15.9
YDR146C,6.56
YML034C-A,0.157
YDR246W-A,0.167
YOR173W,1034
YCR060W,21.3
YDR077W,221
YML116W-A,0.106
YCR085W,1.79
YMR272C,52.1
YIL127C,36.9
YER059W,19.3
YOL039W,3326
YJR016C,1944
YIL071C,5.38
YOL034W,19.3
YDR088C,19.9
YGR168C,1.31
YIL172C,2.84
YDL205C,96.6
YGR094W,808
YKL088W,43
YDL146W,7.53
YEL046C,1736
YPR089W,40
YML113W,42.2
YDR293C,70.9
YNL126W,2.96
YNR037C,4.36
YEL012W,21.5
YDR155C,2500
YOR169C,0.078
YBR242W,27.2
YJL127C,12.6
YGR223C,2.94
YFR003C,9.6
YKL013C,93.6
YPR184W,13.5
YEL072W,1.59
YER030W,26.6
YBR248C,319
YBL018C,36.5
YHR106W,31.6
YJL198W,34.4
YPL089C,8.72
YNL123W,88.2
YKL207W,11.4
YOR298C-A,988
YNL088W,71.7
YER080W,145
YLR360W,9.16
YDR272W,167
YCL028W,60.4
YGL041W-A,6.98
YBR187W,30.8
YBR268W,26.8
YGR163W,30.6
YNL294C,1.39
YHR134W,2.03
YDL071C,0.23
YNR019W,20.3
YOR228C,2.5
YLR350W,68.7
YLR019W,1.62
YER181C,1.38
YLL052C,0.433
YKL077W,107
YGR068C,19.5
YDR523C,1.87
YKL183W,49.2
YDR297W,420
YGR065C,22.5
YPL159C,1.57
YMR115W,79.3
YPR107C,36.9
YGR009C,7
YOR023C,2.87
YFR012W,1.48
YAL066W,1.5
YDR528W,5.76
YMR151W,1.28
YBL001C,29.5
YLR430W,19.6
YKL017C,10.2
YFL066C,1.72
YGL034C,1.49
YMR020W,49.7
YJL098W,97
YMR003W,21.8
YCL073C,1.37
YPL083C,5.8
YIR007W,9.62
YBR233W-A,10.6
YNL034W,1.4
YBR257W,5.94
YJL094C,3.15
YML088W,5.97
YAL063C-A,0.081
YOR329C,17.4
YJR111C,39.5
YJL140W,109
YGR131W,1.53
YBR093C,117
YLR298C,17.4
YDR177W,101
YPR139C,50.9
YCR031C,1024
YGR161C-D,15.2
YMR049C,151
YKL195W,113
YDR426C,2.28
YEL039C,26.1
YAL035W,383
YPR154W,37.5
YKR093W,23.3
YGR040W,64.9
YKR084C,48.2
YML065W,34.2
YER067W,122
YHR129C,13.1
YOR151C,301
YLR154W-B,0.956
YOL159C-A,3.1
YDR353W,2570
YGL018C,23.3
YBR171W,222
YHR013C,237
YKL153W,1.42
YGL063C-A,0.392
YPR136C,1.8
YHR118C,23.6
YNR066C,4.74
YDR220C,1.26
YHR212C,9.11
YMR275C,8.53
YMR153C-A,1.38
YIR020W-A,0.139
YBR284W,1.44
YBL111C,13.4
YDL040C,205
YMR079W,892
YGL009C,1788
YGL023C,12.9
YDR213W,7.28
YOL125W,24.7
YHR173C,2.4
YER147C,11.3
YAL042C-A,1.33
YMR193W,74.7
YDR500C,432
YDR384C,16.3
YHR023W,27.2
YNL061W,332
YBR105C,83.1
YPL125W,58.7
YPR060C,290
YBR078W,262
YNR027W,55.8
YBR005W,4.15
YDR419W,13
YGR120C,40.8
YEL026W,296
YIR011C,16.8
YKL215C,64
YHL039W,59.9
YPR007C,0.266
YJL216C,1.59
YMR195W,30.6
YLR368W,1.15
YGR141W,5.82
YBR263W,344
YER060W,3.5
YCR026C,26.5
YER142C,5.23
YML073C,1021
YDR209C,1.73
YNL236W,35.2
YKR082W,61.7
YBR106W,767
YHR190W,208
YAL067W-A,0.06
YER052C,576
YNL043C,1.25
YDL227C,1.89
YDR303C,54
YDR445C,1.47
YDL138W,1.56
YLR039C,3.93
YBR158W,18.9
YOR335C,1164
YGR028W,34.7
YHR191C,1.65
YBR208C,108
YBR002C,102
YGL079W,13.5
YPL264C,1.63
YMR090W,65.6
YER134C,135
YDR352W,61
YIL048W,17.7
YJR079W,7.47
YBR007C,8.99
YLR135W,3.79
YOR152C,25.2
YHR207C,59.9
YHR020W,460
YHR156C,7.41
YOR040W,2.5
YNR020C,25.5
YNL066W,180
YBR291C,19.7
YNR062C,3.08
YMR217W,695
YER137C,2.9
YMR280C,2.01
YPR011C,3.36
YLR191W,57.6
YOR264W,15.7
YDL246C,1.52
YJL096W,27.2
YLR004C,1.41
YKL036C,1.59
YOL145C,150
YGL133W,28.1
YOR320C,19.4
YNL243W,371
YFL049W,29.6
YDL070W,33.9
YNR067C,4.06
YCR053W,1180
YJL167W,343
YGL208W,7.55
YGL122C,207
YNR060W,1.47
YPR198W,3.86
YDL077C,6.02
YHR210C,1.71
YIL033C,136
YGL194C,43.5
YDR435C,9.46
YKR016W,98.8
YER185W,4.63
YDR119W-A,0.34
YLR304C,1363
YFR026C,6.63
YKL019W,6.84
YER121W,1.34
YKL039W,7.32
YDR491C,1.24
YGR128C,249
YCL016C,13.7
YKR074W,38.6
YNL133C,8.75
YDR157W,1.44
YML039W,16.9
YIR021W,41.5
YGL092W,104
YPR083W,5.27
YOR243C,114
YER044C,36.1
YCR019W,1.53
YLR280C,1.57
YIL060W,1.6
YLR348C,39.3
YNL116W,14.3
YIL114C,7.15
YCR064C,1.61
YJR082C,6.1
YOR246C,10.4
YLR160C,18.1
YGR077C,7.95
YNR036C,12.2
YPR109W,1.61
YPR182W,56.3
YDR518W,8.03
YER088C-A,0.219
YKR070W,33.9
YKL101W,6.15
YCR098C,1.59
YGR025W,1.27
YCL058C,1.76
YLR307W,1.66
YDL236W,146
YBR141C,6.69
YGL182C,1.87
YJR130C,42.1
YOR207C,50.8
YDR370C,9.31
YNL157W,40.7
YCL035C,121
YMR050C,4.63
YMR070W,42.3
YDR268W,12
YNR047W,20.4
YOR010C,0.168
YMR044W,43.5
YGR019W,66.3
YGR064W,1.14
YKL149C,9.84
YOR378W,1.57
YOR062C,20.6
YDL063C,31.2
YER172C-A,0.058
YKL165C,14.6
YAR010C,18
YOR343C,1.68
YFL020C,1.51
YGL083W,24.1
YNR008W,3.06
YKR020W,11.5
YLR087C,2.35
YFL064C,1.66
YKL193C,71.2
YOL147C,40.6
YOL151W,173
YLR432W,610
YKL084W,7.59
YDL057W,1.63
YLR116W,43.1
YLR342W,165
YLR465C,1.25
YCR050C,1.29
YML042W,111
YGL169W,17.7
YPL173W,23.8
YBR238C,17.8
YGL066W,36.2
YDR174W,246
YLR005W,31.9
YBL057C,23
YAL055W,3.97
YPR081C,24.7
YFR015C,82.1
YLR157C-A,19.1
YLR094C,9.39
YLR024C,2.94
YER022W,46.9
YKL016C,168
YBL092W,1410
YPR085C,3.23
YAL047W-A,0.052
YOL122C,1.59
YNL008C,3.83
YJL196C,69.8
YGR216C,7.48
YBR134W,1.54
YAR068W,1.4
YDR217C,5.44
YDR207C,8
YLR041W,1.42
YHR102W,15.3
YOR104W,21.3
YPL145C,589
YOR286W,82.6
YPL118W,30.6
YLR389C,41.1
YMR097C,12
YGR285C,1284
YJL035C,7.8
YDR542W,0.318
YKL111C,0.007
YBL041W,13
YOR314W,0.553
YDL192W,599
YIL024C,12
YDR358W,25.3
YPL097W,17.2
YOR375C,2014
YGL110C,51.7
YBL072C,1144
YDR347W,103
YEL056W,14.6
YOL077C,174
YIL013C,1.23
YLR333C,1595
YKL087C,2.45
YIL079C,14.3
YLR141W,2.25
YDR159W,6.8
YGL103W,2673
YGR278W,31.3
YHR072W,75.8
YMR255W,259
YCL050C,799
YOL049W,65.1
YGL050W,31.8
YPL144W,26.2
YDR410C,28.4
YEL021W,310
YMR061W,63.9
YJL083W,4.38
YPR079W,9.5
YGR193C,38.3
YIR013C,1.25
YLR186W,231
YDR050C,3446
YPL021W,5.14
YHR077C,43
YKR032W,1.15
YGR049W,54.3
YBR139W,148
YGR266W,44.8
YGR277C,43.6
YMR264W,11.7
YGR207C,248
YCL017C,73
YHR063W-A,1.26
YCR105W,20.9
YBR298C,1.29
YOR272W,140
YMR074C,95
YJL112W,39.9
YDL120W,24.4
YDR514C,3.73
YER187W,5.97
YOL061W,85.5
YNL228W,1.56
YGL080W,63.3
YJL213W,1.48
YGL199C,5.04
YIL031W,6.09
YER124C,21.3
YML028W,4440
YBL074C,51.5
YFR054C,3.41
YGL204C,1.44
YOR196C,42.7
YJR145C,1465
YNL339C,1.53
YLR337C,17.5
YNL212W,67.3
YLL058W,15.2
YPL178W,74.6
YOL106W,1.88
YLR157W-E,0.024
YFL067W,1.46
YDR021W,29.4
YML058W,303
YMR281W,2.91
YDR447C,1321
YLR318W,1.44
YIL116W,111
YPL092W,1.39
YJL074C,39
YNR044W,7.1
YGR208W,224
YBR061C,38.7
YLL049W,0.666
YNL134C,251
YOR280C,8.82
YIL032C,1.31
YLR057W,2.58
YHR002W,1.3
YJL036W,21.7
YMR240C,17.5
YDR480W,11.9
YOR303W,260
YGL167C,254
YBR054W,79.5
YGL047W,22.3
YER081W,520
YJR029W,4.94
YOR012W,1.42
YPL273W,537
YNL244C,709
YDR049W,48.2
YGL145W,61.3
YOR082C,1.66
YLR088W,16
YLR431C,6.23
YPL225W,470
YLR308W,1.41
YGR104C,9.63
YGL231C,73.3
YPL108W,2.11
YLR092W,1.68
YIL128W,56.8
YLR328W,59.5
YPL262W,180
YLR384C,141
YNR048W,44.9
YIL164C,1.47
YFL061W,1.5
YER139C,53.9
YER074W,596
YBR058C-A,26.5
YFR055W,19.2
YGR249W,1.47
YPL031C,67.3
YBR107C,3.04
YBR004C,0.166
YOR070C,4.78
YOR020W-A,7.52
YJL171C,59.1
YDR150W,97
YOR351C,1.5
YCR073W-A,29.7
YNL181W,119
YCL049C,5.98
YIL006W,1.21
YMR123W,125
YNL254C,7.64
YDR489W,4.39
YOR011W,12.2
YBR200W-A,0.274
YML021C,37.1
YJL010C,65.4
YLR114C,73.8
YML022W,225
YOR188W,31.3
YJL153C,108
YOL137W,5.1
YBR122C,22.8
YCL001W-A,1.44
YFL018C,713
YGL010W,8.17
YPR049C,3.48
YKL096C-B,0.063
YDL010W,20.7
YMR254C,1.58
YOR278W,16.5
YMR297W,401
YBL039W-B,0.078
YMR163C,18.8
YOR315W,1.94
YKL150W,174
YDL082W,1244
YLR154C-G,0.211
YDL092W,95.8
YLL009C,88.9
YHL048C-A,0.085
YML109W,6.34
YKR042W,574
YNL265C,52.9
YIL025C,1.69
YGL058W,51.4
YLR344W,712
YNL245C,11.5
YPR103W,88.3
YDL169C,1.47
YKR012C,1.41
YKR038C,69.6
YCR034W,193
YDR043C,5.86
YMR271C,69.8
YPR087W,1.59
YLR248W,266
YIR008C,257
YNL177C,28.5
YPL132W,1.94
YPL203W,26.6
YKL182W,1923
YGL155W,32.7
YNL162W,746
YLR157W-D,0.341
YDR284C,32.6
YML007C-A,17.9
YOR030W,1.67
YPR175W,27.1
YLR254C,17.4
YJL026W,1220
YML114C,35.4
YAL029C,56.7
YIR033W,7.71
YJL022W,0.009
YNL096C,1140
YOR273C,197
YBL032W,194
YLL031C,19
YHR053C,228
YAL018C,1.23
YPR124W,56.1
YNL259C,15.9
YIR035C,28.6
YIR026C,119
YGL036W,8.67
YFL034C-A,712
YMR283C,7.92
YPR160W,87.3
YER128W,30.2
YMR036C,2.04
YDL230W,23.9
YFL055W,1.51
YLR283W,0.531
YLR138W,22.1
YBL025W,1.81
YOR376W,1.3
YAL036C,175
YDR044W,183
YMR133W,0.224
YOR108W,431
YLR385C,31
YPL005W,13.8
YNL252C,152
YDR042C,1.69
YLR016C,12.4
YBR241C,9.96
YLL039C,238
YDR024W,2.78
YPR111W,33.6
YDR242W,1.67
YPR113W,77
YBR020W,3.32
YDR485C,8.17
YGL212W,31.4
YMR227C,12.7
YLR403W,10.9
YJL218W,1.84
YHR120W,15.1
YOR337W,10.2
YIR020C-B,0.02
YJL150W,1.15
YOR195W,39.9
YNL082W,5.42
YNR042W,1.76
YEL029C,4.32
YGL256W,10.2
YBR145W,47.4
YLR276C,74.9
YDR251W,60.6
YPR056W,104
YAL069W,1.12
YMR200W,57.9
YDR430C,86.6
YLR413W,282
YBR273C,26.9
YDL164C,21.6
YOR115C,7.19
YER157W,44.9
YGL257C,9.28
YLR414C,54.2
YBL028C,86.8
YML110C,69.7
YCL046W,0.02
YLL034C,68.8
YOR073W,3.91
YPL222W,18.6
YGR130C,248
YNR005C,9.01
YLR190W,13.8
YKL116C,20.9
YOR124C,50.1
YPL020C,8.25
YOL114C,1.68
YJL069C,171
YGR238C,3.75
YMR290W-A,1.46
YMR257C,5.16
YGR226C,1.38
YFL030W,21.8
YNL336W,28.5
YBR014C,41.7
YKL203C,11.8
YDL149W,0.783
YAL028W,9.65
YOL089C,4.58
YBR135W,107
YMR064W,5.71
YER092W,32.1
YIL002C,3.07
YDR372C,68.8
YBR063C,1.6
YLR154W-E,2.17
YJR036C,1.46
YMR155W,1.42
YOR396C-A,0.006
YIL144W,15.2
YDR086C,70.7
YDL134C,75.2
YPR196W,1.43
YEL033W,2.73
YNL093W,8.65
YOL046C,13.5
YOL150C,1.62
YER183C,9.87
YPL179W,3.98
YIL134C-A,2.16
YIL099W,1.35
YOR120W,50.9
YLR194C,11.5
YOR236W,35.6
YFR031C-A,647
YGL043W,205
YHR044C,11.8
YEL030W,249
YOL090W,45.6
YNL014W,886
YJL101C,68.1
YBR117C,11.5
YDL047W,67.8
YKL220C,1.37
YKL144C,8.71
YPR035W,3794
YER033C,4.31
YOL003C,1.22
YMR022W,54
YBR267W,54.8
YDR113C,1.39
YGR230W,1.46
YML116W,36.1
YOR091W,76.8
YMR080C,98
YGL131C,1.95
YJL044C,30.2
YLR205C,2.24
YNL261W,8.82
YCL069W,4.21
YPL061W,5978
YOR060C,19.8
YDL128W,82.4
YML101C-A,0.197
YGR148C,2704
YDR407C,11.6
YDR139C,16.7
YPL227C,116
YNL330C,56.6
YLR326W,13.2
YOR333C,1.56
YMR035W,0.601
YML133W-A,0.508
YDL219W,54.6
YML043C,5.17
YLR119W,2.66
YGL147C,2332
YJL162C,1.96
YPL129W,76.1
YLL065W,1.35
YAL059C-A,0.177
YOR231W,8.96
YCR047C,37.1
YPR158W,1.41
YOR044W,39.5
YML108W,27.5
YOL055C,4.44
YLR148W,32.5
YOR388C,2.59
YNL058C,5.48
YNL277W,22
YPR032W,12.8
YOR183W,1.49
YDR089W,7.99
YBR133C,11.8
YDR083W,46.9
YMR085W,1.53
YER054C,3.61
YHR148W,61.4
YJL190C,736
YOR283W,159
YOR080W,4.81
YLR388W,829
YOL127W,1412
YLR054C,1.61
YDR463W,10.7
YLR338W,0.33
YMR046C,5.14
YJL219W,1.33
YAL033W,43.6
YDR470C,17.5
YDR375C,22.9
YJL145W,156
YPR027C,1.33
YOL087C,56.2
YML069W,227
YGR121W-A,0.101
YGR058W,14.3
YCR082W,12.2
YMR316W,6.91
YMR060C,14.8
YML012W,675
YNL283C,14.7
YBR198C,143
YEL054C,1350
YGR102C,9.01
YGL014W,60.7
YLL012W,62.7
YKR030W,1.49
YHL029C,100
YKR029C,13.5
YER189W,1.37
YBR227C,144
YCR071C,37.1
YDR198C,10.4
YOL119C,7.01
YDL185C-A,1.69
YDR479C,39.7
YDL175C,17.5
YOR031W,1.47
YCL047C,8.19
YGR124W,1363
YPL209C,3.26
YJR136C,12.3
YHR138C,17.9
YML122C,1.72
YEL057C,1.46
YGL243W,1.76
YJL078C,38.6
YOR008C-A,1.36
YOR087W,29.2
YKL141W,13.9
YLR048W,1648
YKR092C,170
YLR224W,2.04
YPR131C,13.2
YJL208C,31.4
YDR264C,56.6
YAR033W,1.3
YNR046W,137
YMR221C,3.4
YDL203C,5.58
YGR178C,94.3
YMR094W,0.072
YLL001W,130
YGR273C,0.208
YDL216C,2.31
YCL040W,614
YLR091W,2.25
YGR149W,2.89
YGR181W,29.4
YOR043W,33.1
YNL130C-A,0.199
YPL257W-A,19.1
YNL277W-A,0.006
YJR146W,8.32
YJR014W,243
YNL077W,5.85
YGL130W,19.5
YDR472W,63.8
YER119C-A,1.43
YBR197C,19.2
YPL007C,16.4
YLR229C,20.8
YGR271C-A,87
YBL075C,282
YER117W,1158
YML001W,95.4
YDR237W,15.7
YLR255C,1.47
YMR013C,0.289
YKR045C,4.51
YDR121W,49.8
YDR406W-A,0.108
YLL027W,28.6
YHR001W,38.1
YDR454C,708
YKL109W,1.69
YIL087C,3.29
YMR274C,0.404
YJL003W,6.93
YMR149W,163
YIL118W,103
YOR140W,16.1
YNR001W-A,1.29
YJL011C,40.7
YML094W,86.1
YAR009C,23.9
YHR200W,153
YCR011C,29
YEL059W,0.115
YDL190C,63.1
YOR160W,59.2
YPR091C,50.3
YDL122W,148
YBR031W,1218
YLR416C,1.68
YPL189W,1.68
YMR175W-A,0.056
YMR167W,4.96
YLR154C,6.2
YDR222W,12.3
YOR389W,1.35
YBL006C,2.18
YDL046W,59.1
YDR145W,49
YDR356W,22.2
YKR072C,63.9
YOR250C,25.3
YNL182C,44.8
YML059C,26.1
YPL117C,356
YNR059W,1.46
YDR212W,137
YPL240C,4197
YMR111C,3.53
YHR163W,114
YCR037C,10.7
YIL139C,1.55
YLR236C,2.51
YOR090C,59.7
YMR042W,0.469
YMR040W,1.66
YFL017C,72.8
YOR156C,23.7
YPR074W-A,1.23
YOL005C,98.6
YBL019W,4.62
YPL120W,24.6
YHR108W,136
YGL244W,111
YBR213W,1.65
YCR005C,64.6
YKL213C,131
YBL045C,392
YOR020C,452
YHR082C,25.2
YKL225W,1.31
YOR076C,7.51
YFR021W,19
YGR247W,16.8
YLR410W-A,3.07
YDR531W,56.3
YGL038C,81.3
YFR041C,16.6
YOR049C,1.77
YPL154C,115
YLR424W,5.99
YDL105W,2.07
YNL217W,8.72
YJR159W,1.57
YGR263C,2.12
YPR176C,13.5
YHR079C,3.73
YKL085W,430
YFR002W,196
YNL198C,2.07
YBR240C,1.53
YBR182C,3.02
YBR196C-A,0.178
YOR345C,1.36
YLL004W,0.886
YBR143C,636
YNL284C-A,6.38
YGL190C,85.5
YNL287W,771
YML081C-A,91
YNL315C,48.6
YAR015W,295
YGL194C-A,0.125
YBL082C,22.5
YIL152W,1.46
YBL047C,182
YOR221C,13.5
YBR157C,4.9
YMR258C,23.7
YPL047W,19
YMR011W,177
YEL045C,1.49
YAL023C,88.9
YML005W,13
YKL181W,237
YOR346W,518
YGL218W,1.52
YCR051W,58.3
YLR341W,1.62
YPL280W,2.92
YPL090C,1782
YGR190C,1.66
YNL101W,2.13
YMR131C,154
YDL181W,35
YGR075C,27.9
YDL016C,0.153
YGR202C,51.2
YKL152C,7342
YMR285C,43.3
YBL086C,10.6
YPL135W,240
YPL084W,116
YLL026W,711
YDR487C,229
YHL004W,169
YGL245W,960
YMR008C,7.83
YBR175W,4.02
YOL057W,53.2
YJR091C,19.9
YFL001W,59.4
YIL134W,1.53
YDL129W,5.21
YHR217C,1.4
YMR096W,73.4
YLR127C,5.3
YAR064W,11.4
YLR179C,180
YKL127W,147
YDR538W,19.3
YDR545C-A,0.006
YGR158C,71.1
YOL038W,222
YLR239C,13.1
YGL031C,3414
YDR124W,34.3
YIL078W,842
YCL068C,1.35
YJR123W,1752
YJL156C,0.431
YBR126W-A,1
YML090W,1.52
YKL020C,4.07
YPR070W,42.9
YPL105C,89.8
YDL159W,15
YHL013C,23.7
YML045W,310
YER026C,0.583
YER057C,115
YHL019C,21.4
YOL026C,0.018
YNL046W,6.99
YMR310C,18.9
YIL125W,272
YMR041C,126
YNR033W,27.8
YJL106W,1.92
YOR172W,2.75
YMR089C,121
YLR222C,115
YOL042W,33
YDR210W,102
YNL295W,5.27
YOR241W,108
YOL004W,55.4
YLR128W,1.76
YKL136W,1.44
YGL254W,17
YGR044C,3.63
YDR497C,121
YPL149W,5.82
YFR012W-A,1.22
YMR021C,102
YLR007W,0.147
YBR276C,2.42
YJL148W,134
YNR018W,113
YLR096W,17.7
YHR215W,404
YIR025W,1.59
YHR214W-A,1.38
YMR259C,79.4
YMR307W,666
YOR229W,66.3
YLR259C,704
YER087W,7.26
YML014W,20.7
YKL075C,10.3
YNL175C,129
YJL014W,200
YML084W,2.46
YJR010W,63.8
YNL269W,0.117
YGR038W,37.1
YNL143C,25.4
YDR087C,95.8
YJL192C,122
YNL229C,70.9
YML099C,3.99
YOR190W,1.33
YGR172C,0.773
YER188W,1.64
YDR423C,6.11
YER075C,7.9
YKR059W,1163
YLR026C,19.8
YMR101C,4.85
YOR213C,13.9
YKL175W,0.815
YKL080W,307
YDL202W,74.9
YLR170C,44.4
YDR324C,101
YGR101W,2.14
YMR277W,58.6
YPL042C,7.63
YMR117C,39.9
YOR396W,1.5
YML089C,1.6
YMR055C,2.08
YPR161C,24.7
YPR048W,19.1
YOR039W,171
YJL215C,1.19
YPR093C,1.76
YLR390W-A,1044
YJR151C,5.76
YLR052W,38.4
YNL068C,8.61
YNL292W,149
YEL017W,34.3
YDR231C,22.1
YKL065C,169
YJR161C,7.48
YDL178W,162
YPL146C,130
YCL061C,8.08
YPL063W,100
YER166W,21
YPL029W,15.5
YBL015W,118
YDR172W,896
YPL128C,65
YJL056C,5.63
YIL016W,66.7
YNL148C,7.77
YNL221C,11.7
YLR032W,12.8
YLR313C,5.07
YOR387C,1.44
YPL168W,3.07
YDR365W-B,5.44
YDR096W,29.4
YBR150C,6.06
YHR065C,50.1
YAR030C,1.1
YDR316W-B,311
YMR316C-B,1.35
YGR088W,34.4
YHR175W,9.51
YGL141W,24.8
YDR223W,1.3
YBR108W,3.97
YMR306W,1.44
YAR019C,7.11
YNL047C,21.3
YOR113W,5.96
YIL130W,18.8
YGL061C,37.1
YAR050W,17.8
YMR230W-A,0.071
YNL021W,28.7
YGL217C,1.13
YNL321W,5.46
YGR121C,11.3
YPL126W,99.1
YOR185C,633
YAR070C,1.4
YPR054W,6.89
YBL067C,6.36
YIL089W,1.54
YOL022C,57.1
YLR246W,1.38
YOR347C,48.4
YML066C,1.25
YPL138C,14.9
YOR065W,329
YBR132C,22.4
YHL034W-A,0.329
YIL040W,16.3
YOL078W,8.22
YHR151C,1.86
YAL054C,99.7
YMR034C,1.82
YEL076C-A,2.89
YLR426W,16.2
YMR146C,367
YGL213C,35.3
YNL272C,135
YJL082W,62.1
YGL095C,62.7
YBL034C,54.7
YML027W,8.45
YNL142W,8.58
YNL274C,51.8
YOR317W,407
YJL038C,1.35
YDL003W,21.5
YKR014C,212
YCR028C-A,110
YBR155W,74.4
YKL148C,118
YHR027C,2280
YMR053C,2.1
YOR100C,9.32
YKR104W,15.5
YDR006C,4.11
YBR269C,25.3
YFL009W,1.93
YDR261C,20
YDR425W,22.5
YHR062C,73.1
YKL046C,44.7
YBR060C,13.8
YOR032C,1.48
YLL032C,25.7
YGL238W,467
YNL002C,85.6
YNL186W,32.9
YJR006W,9.02
YPR105C,22.8
YNL071W,274
YOR271C,169
YGR253C,516
YOL029C,1.57
YJL062W,14.9
YJR139C,890
YJL068C,45.3
YOR242C,22.9
YFR033C,107
YAL063C,0.1
YGR022C,1.46
YOL086C,7531
YFL034W,10.2
YER019W,14.9
YJR008W,7.99
YER130C,0.089
YGR083C,114
YDR277C,11.9
YML049C,81
YLR028C,278
YGR186W,32.9
YMR065W,1.33
YML124C,164
YJL212C,29.2
YOR008W-B,1.25
YBL002W,3666
YKL029C,198
YHL011C,128
YCR032W,4.08
YKL160W,70.4
YNL044W,143
YDL011C,0.695
YKL113C,171
YDL079C,19
YHR063C,63.8
YDR063W,54.6
YJL223C,1.49
YLR442C,16.4
YMR031W-A,1.41
YNR007C,32
YBR052C,150
YMR095C,3.63
YKL188C,2.5
YKL010C,77.9
YHR015W,1.42
YFL037W,117
YFL012W-A,0.065
YKL124W,4.63
YGL004C,23.5
YCR067C,3.56
YDR503C,7.87
YGR013W,12.5
YKL121W,4.87
YFL056C,1.53
YGL081W,1.51
YBR223C,16
YKL025C,28.1
YLR159C-A,0.057
YHL012W,141
YBR040W,1.79
YPR104C,10.3
YLR467W,1.46
YPR002C-A,1.24
YBR035C,131
YLR292C,89.3
YOR261C,264
YLR440C,32.3
YOL002C,10.1
YER106W,1.5
YOR267C,48.3
YNL087W,98.6
YPR101W,10.5
YLR390W,17.2
YOR200W,2.05
YNL075W,11.8
YFR004W,248
YOR343W-A,2.92
YPL057C,16.7
Q0130,0.016
YNL296W,1.29
YKR034W,1.61
YCL034W,10.9
YLR371W,3.79
YDL133C-A,469
YDR243C,4.06
YDR516C,140
YER114C,21.1
YMR019W,2.98
YDR289C,40.2
YDR098C-B,4.63
YLR245C,38.3
YIL053W,4643
YBR301W,1.23
YJL049W,23.1
YOR028C,2.54
YOL141W,15.5
YNL084C,80.5
YDL125C,164
YKR100C,13.3
YLR051C,54.2
YPR016W-A,1.61
YJL119C,1.5
YHR080C,3.24
YHR001W-A,79.5
YER133W,443
YPR134W,7.73
YFL063W,1.33
YBL037W,19.8
YPL244C,1.52
YPR152C,11.4
YOR086C,506
YBR290W,31.1
YHL014C,18.3
YGR043C,31.7
YDR392W,15.8
YHR041C,13.6
YPR014C,2.01
YFL016C,142
YLR197W,516
YAL043C,90.3
YDR027C,28.3
YGR265W,1.5
YGL090W,8.3
YCR018C-A,54.7
YDR261W-A,3.05
YLL022C,54.3
YGR146C,6.15
YKL096W,110
YMR256C,48.3
YHR160C,1.37
YDL185W,2494
YMR076C,136
YLR146C,33.6
YPR192W,1.18
YBR110W,40.4
YHL048W,26
YLR156C-A,0.057
YOR279C,9.21
YDL161W,54.7
YOL108C,9.65
YGR046W,4.41
YMR009W,12.8
YDR241W,1.43
YDR345C,566
YER107W-A,0.47
YDR007W,23.5
YOR077W,39.7
YOR266W,24.2
YDR142C,5.89
YBR044C,3.09
YLR460C,8.37
YJL152W,1.35
YGL075C,9.16
YER089C,171
YNL322C,64.8
YOR145C,50
YDL008W,13
YBL054W,10.4
YNR051C,226
YEL015W,43.6
YNL263C,4.82
YKL030W,1.28
YAL025C,46
YDR019C,198
YJR157W,1.28
YDR055W,91.9
YCR006C,1.49
YOR202W,17.3
YBR260C,40.7
YBR174C,1.27
YGR222W,8.71
YDR143C,3.65
YOL103W-A,16.6
YDR273W,1.25
YER122C,77.9
YPR045C,45.6
YIR024C,48.8
YLR357W,46.1
YNL284C-B,2.33
YOR192C,2.46
YFL052W,1.55
YBR127C,1647
YMR230W,390
YMR169C,208
YFL062W,2.07
YGL232W,48.2
YCL058W-A,0.643
YDL085C-A,61.2
YHR054C,0.086
YLR196W,466
YIL017C,2.28
YAL021C,45.2
YGL064C,8.97
YHR218W,1.44
YML045W-A,12.5
YCR107W,4.64
YGR161C,21.9
YMR210W,3.84
YCR102W-A,1.43
YAL019W,88.7
YDR116C,96.9
YFR006W,62.5
YGL227W,17.5
YNR057C,1.78
YCL024W,4.98
YBR079C,1264
YGL129C,69.3
YDR482C,8.7
YLR137W,4.98
YLR121C,1.96
YMR272W-A,0.491
YOR360C,58.6
YOR235W,1.3
YBR146W,9.06
YML070W,471
YER173W,7.26
YGL136C,1.71
YOR191W,3.29
YBL022C,266
YCL042W,0.118
YDR287W,5.4
YDR530C,39.7
YGL094C,18.2
YNL293W,7.31
YER067C-A,0.343
YIL055C,0.818
YOL098C,183
YKL071W,521
YFR043C,1.46
YIR037W,212
YBR221W-A,0.128
YCR040W,1.47
YER103W,438
YHL030W,61.7
YMR106C,7.02
YHR095W,1.38
YOR047C,3.28
YPR204W,1.43
YER023W,918
YOR184W,381
YFR036W,2.16
YLR038C,99.6
YKL145W,158
YJL182C,1.52
YHL006W-A,0.25
YGR281W,45.6
YEL013W,175
YBR164C,87.7
YDR022C,5.11
YNL206C,118
YDL198C,93.8
YBR111C,400
YJL159W,108
YML078W,115
YNL324W,1.77
YHR188C,41.3
YAL015C,2.27
YOR001W,42.1
YGR042W,2.09
YJL147C,10
YDR331W,27.7
YDR001C,71.4
YMR286W,28.5
YGR241C,63.3
YGR095C,150
YIL049W,1.68
YDR192C,2.47
YNR004W,14
YLR355C,7965
YDL241W,8.77
YDR318W,8.46
YPR178W,17.2
YIL113W,2.21
YCR020C,4.05
YPR122W,10.2
YPR162C,48.7
YLR098C,4.69
YBL027W,2357
YGL258W-A,2.35
YDR210C-D,4.29
YGR015C,2.22
YDR160W,2.02
YJR074W,29.9
YPL243W,133
YGR197C,1.44
YNR075C-A,0.984
YGL109W,0.002
YIL137C,106
YOR025W,4.32
YJL225W-A,0.007
YCL065W,1.52
YDR385W,2971
YMR126C,9.65
YIL109C,83.3
YDL153C,22
YNL010W,345
YER010C,7.96
YOL158C,4.44
YCR090C,70.3
YKL108W,6.47
YMR194C-A,1.51
YJL209W,24.3
YKR051W,0.006
YLR037C,1.8
YJL169W,36.6
YMR219W,9.8
YMR244C-A,34.3
YGL156W,21.6
YER147C-A,0.171
YOL035C,1.48
YDR267C,40.7
YGR161W-A,2.99
YJL034W,2906
YOR051C,201
YAL038W,14914
YOL030W,119
YLR151C,3.14
YNR010W,13.4
YDR026C,5.52
YIR009W,8.11
YOR064C,7.74
YLR077W,5.88
YGL032C,8.33
YBR205W,30.1
YNL286W,12.8
YAL048C,0.406
YMR301C,32.8
YGL113W,3.08
YMR214W,75.6
YLL044W,1.43
YLR184W,1.63
YOR142W-B,4.5
YDL076C,31.1
YLR417W,19.3
YHR137C-A,0.025
YMR250W,44.9
YFR032C-A,939
YKL205W,41.5
YPR195C,0.087
YDR099W,1005
YDR312W,20
YPR071W,2.57
YIL165C,37.4
YAR018C,0.328
YGR296C-B,0.006
YDR519W,321
YIL052C,793
YNL312W,531
YPR020W,185
YDR078C,1.34
YBR189W,2167
YFL057C,1.53
YOL116W,5.27
YMR164C,2.1
YGR176W,1.78
YLR166C,39.9
YKL037W,1.29
YKR023W,29.8
YIL145C,92
YOR329W-A,0.183
YPR025C,77.5
YER088W-B,0.21
YMR303C,347
YLR392C,8.26
YLR015W,12
YLR285W,77.2
YHR006W,45.4
YNR013C,59.4
YMR263W,12.2
YDR195W,70.8
YJL164C,47.8
YPL101W,8.85
YJR053W,9.99
YOR144C,2.3
YER100W,16.4
YNR032W,16.9
YAL044W-A,5.59
YDL045W-A,4.42
YGR232W,38.9
YOR149C,1.51
YLR340W,1322
YOR293W,707
YGR053C,2.8
YGL119W,20.6
YNL050C,4.69
YBR194W,2.89
YMR233W,20.9
YPL214C,2.02
YGR048W,82.1
YJL080C,681
YFL053W,1.5
YHL017W,119
YPR106W,5.13
YGL086W,33
YBR225W,8.32
YDL172C,2.52
YBL063W,2.55
YOR293C-A,0.013
YPR188C,16.5
YDR462W,62.9
YMR193C-A,1.34
YLR014C,1.74
YDL200C,1.57
YGR244C,204
YOL071W,42.7
YHR195W,25.5
YBR090C,71.6
YHR168W,3.13
YML041C,2.09
YML060W,30.5
YBL040C,106
YCR061W,2.15
YIL038C,53.7
YML126C,1260
YPR067W,26
YGR271W,8.94
YNL011C,9.49
YOL024W,1.8
YOR122C,216
YDR189W,99.8
YJL071W,3.38
YOR074C,27.5
YDR362C,10.2
YPL231W,1356
YGR031W,67.5
YKL057C,27.8
YBL039C,672
YPR163C,454
YHR074W,38.1
YPL226W,562
YBR253W,24.1
YHR117W,64.6
YOR313C,1.36
YOR138C,93.2
YER120W,158
YPR084W,1.64
YIL163C,1.61
YBR192W,16.6
YHR046C,61.2
YPR183W,139
YER137C-A,19.1
YHR060W,9.07
YHR203C,2495
YKR075C,19.5
YOR339C,14.3
YDR176W,24.9
YDL130W,1264
YGR062C,5.51
YNL129W,20.2
YPL116W,42.9
YOL093W,42.7
YBR121C-A,0.183
YLR294C,0.148
YFR022W,1.48
YLR324W,44.8
YNL226W,1.48
YEL001C,114
YNL132W,134
YJR015W,10
YJL183W,56.7
YLR006C,19.6
YNL297C,59.5
YGR114C,1.7
YLR454W,15.6
YOR106W,4.73
YNL067W,2440
YDR079C-A,3.74
YKR026C,197
YML092C,248
YKL174C,2.68
YHR218W-A,1.31
YLR147C,4.43
YDL101C,42.4
YDL030W,31
YGL201C,130
YGR289C,9.62
YNL216W,71.8
YLR379W,1.68
YJR101W,40.8
YBR109C,251
YPR053C,1.4
YPL256C,13
YNR014W,29.7
YGL247W,7.18
YDR460W,30.2
YCR076C,4.04
YOR107W,2.18
YKL018C-A,10.4
YCL033C,10.9
YBR252W,61.6
YHR167W,32.9
YKL040C,179
YNL168C,51.3
YCR018C,16.1
YLR242C,2.46
YDR544C,1.75
YCR013C,0.225
YDL049C,0.14
YER186C,1.39
YHR152W,8.48
YCL037C,346
YOR258W,4.63
YER055C,270
YPR166C,0.498
YMR287C,10.9
YBL033C,104
YHR206W,21.1
YOL006C,89.2
YDR536W,0.06
YBL108W,1.29
YPL137C,31.5
YDL115C,12
YOR092W,2.03
YNL302C,1063
YLR419W,40.9
YGL104C,1.68
YHR125W,1.29
YBL035C,87.3
YGL186C,9.73
YOR356W,434
YOR176W,263
YNL111C,212
YER159C,77.9
YJR075W,74.8
YCR016W,70.6
YER180C,1.52
YGR166W,13.4
YEL040W,68
YIL026C,36.3
YLR463C,1.36
YDL194W,1.41
YHR149C,23
YIL132C,4.92
YBR231C,15
YIL103W,29.7
YKL043W,12.3
YPR099C,1.1
YCR020W-B,54.6
YDR244W,20.6
YLL050C,717
YPL001W,16
YOR393W,10.5
YDR488C,6.49
YNL114C,1.5
YPR062W,394
YDL188C,52.8
YPL024W,12.3
YDL027C,13.2
YDR127W,488
YDR197W,18.7
YER090C-A,8.51
YDL043C,27.7
YGL146C,1.39
YLR247C,2.97
YPR165W,122
YIL057C,40.1
YGR001C,112
YNL234W,6.39
YOR005C,3.67
YDR105C,15
YIL003W,10.2
YDL197C,15.2
YOR298W,0.107
YER107C,31.9
YHR056W-A,0.024
YHR030C,71.3
YNR052C,41
YLR441C,1739
YDR437W,7.73
YGL048C,238
YJR056C,16.8
YER119C,1.22
YLR027C,392
YER123W,37.7
YLR060W,476
YJL207C,56.2
YKR049C,20.9
YKL056C,1310
YHR130C,1.24
YKR035W-A,124
YOL159C,1.46
YKL008C,41.3
YBR109W-A,0.051
YER148W,49.4
YLR164W,1.79
YKL120W,131
YER174C,62.4
YKL062W,3.12
YMR212C,61
YLR212C,72.2
YDR035W,279
YGR136W,44.3
YPR095C,5.7
YIL169C,2.79
YOR287C,6.43
YER184C,1.59
YAL053W,25.8
YLR126C,31.5
YML019W,11.4
YPR044C,0.475
YNL009W,5.26
YOR319W,28
YKR036C,8.77
YBR262C,37
YER037W,3.34
YGL016W,84.4
YBR220C,3.01
YNR073C,1.65
YLL057C,2.22
YJR078W,10.6
YPL086C,57.4
YBR015C,130
YML079W,39.7
YCL026C-A,2.16
Q0250,26.4
YBR013C,10.4
YDR148C,118
YAL032C,17.6
YOR291W,12.3
YNL171C,0.024
YDR058C,3.18
YDR101C,464
YOR135C,1.64
YFL033C,1.93
YGL255W,71.9
YPR143W,123
YPL096W,43.5
YLR068W,28.4
YFR046C,14.4
YNL164C,3.01
YER063W,116
YJL201W,31.1
YPR018W,21.8
YOR127W,4.02
YOR224C,95.9
YOR027W,1152
YKL151C,48.1
YNR064C,1.48
YPR129W,51.3
YLR309C,81.5
YPR168W,48.1
YDR196C,20.7
YNL310C,29.6
YOR201C,25.6
YJL063C,59
YLR105C,4.49
YER145C,111
YHR071C-A,0.099
YPL218W,59.3
YMR228W,69.9
YPL283W-A,0.508
YEL020C,4.29
YER115C,1.82
YJR011C,27.1
YML115C,42.6
YOR349W,10.8
YAR019W-A,0.041
YBR165W,1.41
YGL057C,4.72
YGL178W,25.7
YCR052W,34.6
YDR153C,93.1
YCL020W,3.15
YGR161W-B,1.08
YKR055W,4.46
YLR345W,38.8
YKR053C,1.42
YNR055C,10.1
YDR522C,1.79
YLR112W,1.81
YOR018W,13.7
YKR058W,1.8
YGL105W,1016
YOL017W,4.87
YKL125W,1.38
YGL219C,5.25
YLL006W,18.3
YML091C,22.6
YDR031W,8.3
YEL067C,1.97
YDR018C,1.45
YFL017W-A,28.7
YJL045W,35.3
YJL087C,95.6
YDL201W,51.1
YCR008W,8.59
YMR110C,39.3
YLR282C,9.92
YKL042W,8.97
YBL036C,128
YLR042C,131
YGL067W,18.6
YFL027C,6.3
YLR140W,0.042
YHR144C,12.6
YOR367W,20.7
YBR029C,47
YLR363W-A,72.4
YNL285W,1.33
YIL107C,16.7
YDR141C,43.4
YPR190C,76
YLR361C,16.4
YKR095W-A,10.7
YGR188C,4.64
YPL237W,206
YDR457W,34.8
YLR111W,0.023
YLR066W,73.2
YPR177C,1.44
YHR012W,62.2
YBL090W,11.2
YLR033W,482
YLR466C-A,0.006
YGL040C,193
YPL041C,1.67
YPL048W,658
YLR351C,87.2
YOR165W,93.1
YML080W,49.8
YJL084C,11.9
YCR017C,14.8
YJL221C,0.045
YOR355W,17.4
YBR234C,71.1
YLR401C,90.8
YGR210C,99.9
YPL034W,1.44
YPL271W,158
YJR087W,108
YHR179W,428
YJL111W,259
YPL208W,55.4
YJR122W,22.9
YJR133W,12.4
YBL091C,56
YJL026C-A,0.749
YFR027W,2.28
YNR031C,5.84
YBR215W,6.01
YKL132C,2.19
YLR449W,194
YBR037C,29.3
YOL060C,56.7
YPL160W,1712
YMR231W,20.7
YER153C,5.57
YMR134W,35.3
YDR228C,54.5
YGL003C,1.37
YDR338C,3.32
YHR143W,0.759
YPL194W,2.41
YBR249C,995
YDL183C,5.08
YDR296W,64.8
YHL041W,1.48
YGL150C,70.7
YJR158W,0.021
YMR218C,7.53
YDR226W,1917
YKL172W,49.8
YOR226C,88.4
YMR071C,40.9
YDL097C,367
YFR047C,43.6
YLR165C,1.48
YMR192W,29.4
YBR179C,77.3
YGR008C,125
YBR021W,1.39
YKR079C,65.7
YPL122C,70.4
YPL003W,1.51
YKL162C-A,1.45
YDL028C,2.97
YHR028W-A,0.004
YPR202W,1.47
YOR239W,199
YDR079W,11
YDR165W,84.8
YCL008C,9.27
YPL098C,3.36
YLR434C,1.43
YNL054W,2.59
YIL143C,20.7
YDR280W,85.1
YKL161C,4.34
YGR132C,98.7
YDR185C,6.89
YGL154C,6.16
YLR095C,61.6
YBL056W,191
YBR278W,7.76
YMR278W,114
YPL018W,14.6
YCR004C,245
YHR028C,19.5
YFL013W-A,1.64
YJL220W,0.024
YOR038C,16.1
YPR172W,24.3
YOR061W,122
YPR137W,79.3
YPR108W-A,0.236
YNL249C,8.63
YML131W,20.2
YGR140W,14
YBR062C,2.77
YHR058C,46.7
YPL187W,0.666
YOR069W,76.6
YDL075W,534
YGL120C,242
YAL047C,25.3
YOR136W,530
YKL107W,1.58
YIL002W-A,4.29
YDL145C,600
YMR082C,1.22
YKL091C,31.4
YIL129C,7.28
YBR285W,3.86
YER167W,2.27
YGR180C,1657
YPL263C,60.9
YBR077C,50.6
YFR057W,1.64
YDR130C,2.42
YPR092W,1.65
YBR172C,58.8
YJL099W,11.8
YLL035W,0.17
YLR354C,2188
YNL299W,17.1
YMR132C,23.9
YOR324C,2.91
YCR022C,1.72
YOR323C,249
YHR055C,56.1
YHR005C,140
YKL179C,46.2
YGR096W,1.62
YHR059W,33.6
YKL166C,23.1
YNL033W,4.21
YJL151C,148
YER056C,193
YOR119C,11.9
YLR410W,141
YMR113W,25.6
YBR209W,1.21
YGR017W,54
YDR290W,1.3
YHR003C,127
YLR213C,1.33
YKL185W,15.1
YOR128C,161
YOL016C,124
YMR316C-A,1.32
YKR099W,8.9
YLR076C,0.251
YPL046C,7.75
YPL202C,2.08
YKL106C-A,1.36
YOR289W,47.7
YGR173W,280
YLR265C,4.54
YPR097W,35.9
YKL095W,21.4
YOL131W,1.97
YBR173C,20.5
YOR350C,15.8
YCR093W,126
YPL238C,0.065
YOR131C,20
YDL240C-A,1.16
YNL079C,237
YAR008W,2.45
YDR173C,21.4
YCR045C,1.51
YER150W,5.35
YMR045C,2.05
YIL037C,4.41
YDR320C,32.1
YEL041W,3.65
YHR073W,19.3
YFR044C,425
YPL043W,138
YJL165C,7.13
YEL063C,75.9
YML120C,141
YOR161C-C,21.5
YDR388W,221
YIL140W,13.4
YGR004W,3.97
YBR230W-A,0.206
YDL094C,1.75
YIL142W,114
YOL027C,144
YDR114C,1.52
YLR299W,10.8
YNL291C,25.6
YJR128W,1.72
YCL039W,12.4
YAR060C,2.72
YPL081W,1402
YGL191W,14.9
YAL022C,15
YPL053C,55.2
YJL008C,149
YMR129W,106
YDR216W,11.4
YLR278C,10.2
YLL040C,57.7
YOR073W-A,0.106
YDL232W,145
YMR187C,1.44
YLL003W,7.38
YFR011C,96.5
YHR017W,4.36
YPR147C,25.3
YGR014W,34.9
YKR015C,2.15
YOL033W,22.8
YOR089C,144
YGR220C,41.2
YNR039C,5.85
YGR054W,73
YGL060W,37.8
YCR025C,1.42
YNL192W,18.3
YHR165C,14.9
YHR070W,60.9
YLR149C-A,1.58
YLR290C,33.1
YFR005C,5.74
YNR032C-A,35.3
YOR265W,59.9
YFR019W,4.04
YDL013W,2.13
YHR147C,65.6
YDR476C,35.6
YPL268W,1.67
YBR295W,6.13
YEL019C,23.5
YOR383C,0.663
YPL223C,5.12
YPR100W,41.3
YOL094C,68.7
YCR091W,0.709
YNL230C,8.14
YPR130C,1.4
YPR119W,11.6
YKL117W,511
YOR199W,4.47
YER169W,25.9
YMR069W,3.94
YDR178W,117
YOL161C,1.35
YGL252C,69.8
YLL030C,1.4
YGR167W,140
YMR077C,16.4
YLR072W,7.92
YBR265W,98
YGR184C,20.8
YMR312W,10.9
YLL046C,1.6
YLR370C,216
YBR140C,10.3
YPL074W,13.4
YGR011W,0.141
YPR169W-A,1.45
YKR004C,8.98
YOR143C,31.3
YGR105W,29.1
YHR057C,5.64
YPL123C,7.91
YJL030W,11.8
YJL156W-A,1.46
YOR147W,72.2
YOL160W,1.48
YER136W,303
YDR171W,98.6
YOR099W,102
YDR319C,1.98
YLR097C,2.26
YHR211W,0.183
YBL059W,8.17
YBR210W,1.94
YDL155W,8.47
YPL158C,2.15
YLR070C,2.13
YOL010W,123
YDR245W,59.6
YNL003C,11.1
YPL161C,59
YLR316C,9.14
YKR052C,21.5
YKR022C,8.28
YLR099C,1.96
YPL039W,1.3
YMR122W-A,396
YLR423C,4.55
YIL156W,7.24
YNL135C,666
YGR142W,6.05
YNL081C,9.46
YCR096C,1.28
YJR069C,104
YMR010W,16.2
YGR225W,1.36
YOR212W,134
YOR249C,3.77
YGR214W,859
YNL271C,16.7
YEL009C-A,0.375
YHL024W,4.78
YIL177C,1.47
YPR142C,0
YML062C,78
YPR126C,1.72
YKR078W,11.8
YKL106W,71.7
YMR293C,6.74
YOR016C,69.5
YBR018C,2.07
YGL033W,1.38
YKL126W,75.4
YGR171C,29
YDR524C-B,0.122
YLR295C,223
YOR174W,41.1
YLR395C,39.7
YJL024C,27
YPL056C,1.31
YKL194C,16.6
YDR017C,43.6
YPL249C,27.5
YAL056C-A,0.102
YIL122W,7.21
YPR197C,1.89
YPL100W,43.3
YGR115C,0
YKR027W,35.7
YGL028C,169
YLR425W,2.11
YOR078W,25.2
Q0065,0.428
YDL233W,8.95
YOR192C-C,0.07
YMR295C,264
YKL086W,11.2
YGR122W,6.69
YMR073C,11
YGR217W,1.95
YLR099W-A,2.16
YNR074C,12.5
YPR174C,37.9
YLR237W,28.7
YFL041W,64.3
YBL113C,1.7
YLR279W,1.93
YFR052C-A,0.102
YBR066C,6.97
YLR346C,1.67
YDR320C-A,19.5
YOL102C,9.66
YNL022C,62.9
YDR106W,1.38
YMR304W,55.7
YCR063W,34.2
YPL155C,14.3
YHL035C,6.92
YBR300C,1.56
YOL118C,1.62
YDL089W,5.97
YJL033W,98.2
YOR245C,7.16
YGL246C,74.6
YDL225W,125
YFL004W,369
YBR288C,36.8
YJL149W,6.59
YML121W,19.8
YIL029C,1.37
YIL020C,79.4
YFR009W,285
YLR020C,21
YEL069C,1.67
YOR103C,52.2
YER126C,435
YJL163C,1.58
YHR162W,53.4
YHL002W,28.9
YGR211W,513
YCR042C,19.1
YGL223C,29.1
YOL091W,1.82
YOL154W,0.778
YOR157C,177
YNL201C,60.3
YAL019W-A,0.557
YLL053C,2.12
YLR055C,66.5
YLR227C,1.33
YDL124W,224
YMR313C,32.8
YBR039W,572
YGR071C,9.46
YPL224C,3.75
YPL185W,1.54
YNL158W,63.2
YLL011W,117
YKR064W,3.14
YBR099C,1.77
YJL085W,43.8
YFL038C,76.7
YPL070W,13.3
YEL020W-A,397
YMR015C,323
YGR189C,214
YOL012C,86.9
YAL051W,5.9
YKR019C,5.08
YPL163C,10.6
YDL136W,4188
YPR055W,16
YLR228C,3.45
YNL085W,71.7
YPL201C,1.38
YOR192C-A,3.01
YBR084W,284
YNL057W,1.6
YBL089W,1.17
YOL115W,68.4
YER140W,2.54
YBL007C,133
YER028C,2.31
YGR125W,19.4
YIL029W-A,0.319
YHR127W,25.7
YDR072C,5.86
YGL012W,50.3
YBR076W,1.53
YOR050C,20.4
YHL008C,2.89
YNL289W,6.2
YER007C-A,173
YLR342W-A,0.108
YPR016C,373
YNL185C,54.8
YOR085W,36.4
YDR010C,1.65
YPR039W,1.37
YBR141W-A,0.077
YGL072C,1.67
YKL034W,1.56
YBR294W,1.84
YBR056W-A,0.024
YJL133W,11
YBR070C,8.6
YKL139W,14
YGL118C,1.67
YML081W,7.24
YBR120C,94.6
YDR085C,1.54
YPL075W,11.8
YLR189C,6.01
YGL084C,18.4
YBR275C,5.03
YMR023C,7.15
YDL081C,1436
YLL051C,1.93
YJR093C,18.9
YGL200C,410
YDL189W,23.7
YJR027W,4.92
YDR492W,2.69
YLR002C,106
YCR030C,77.3
YHR018C,367
YAL058W,36.4
YOL104C,1.34
YJR141W,6.51
YPL235W,115
YKL052C,39
YDR137W,6.98
YCR024C-B,0.062
YAL062W,15
YKL027W,67.8
YDR057W,7.62
YIL051C,2010
YLR178C,29.8
YGL015C,1.4
YOL052C-A,5.64
YHR137W,124
YIR018W,3.7
YIL034C,94.4
YJL028W,1.21
YNL205C,1.3
YLR364C-A,0.172
YDL062W,1.73
YPL006W,8.21
YBR196C-B,0.733
YLR062C,1.55
YDL179W,2.46
YHR105W,2.14
YHR048W,1.99
YLR387C,172
YCL054W,41.6
YHL015W-A,0.353
YPL104W,24.3
YOR096W,3893
YIL023C,28.3
YML117W,41.2
YPL009C,111
YFR007W,3.74
YOR126C,10.5
YBR025C,1540
YGR294W,1.22
YMR027W,161
YPL068C,3.1
YBR217W,1.42
YAL034W-A,27.3
YKR063C,7.04
YML032C,13.8
YLR145W,5.71
YCR068W,22.2
YLR310C,28.1
YGR152C,37.8
YNL180C,41.8
YJR046W,19.9
YDR495C,18.2
YJL013C,23.3
YIL098C,13.6
YHR171W,2.45
YLR458W,1.41
YNR068C,1.55
YNL323W,56.2
YJL105W,1.53
YHR154W,17.6
YMR026C,11.2
YKR096W,3.59
YER162C,19.6
YBR067C,296
YGR116W,191
YKL208W,1.86
YNL319W,1.44
YNL224C,16
YBR036C,56.6
YJR107W,1.54
YJL107C,12.1
YNL017C,1.22
YHL038C,17.1
YKL142W,149
YJR052W,6.84
YMR247C,13.7
YFR025C,58.9
YHR169W,48.3
YMR154C,4.29
YOR284W,11.6
YHR069C,61.3
YMR241W,218
YPL032C,61.9
YLR192C,270
YDL054C,2.28
YLR153C,2083
YKR008W,105
YBR202W,65.8
YJR110W,13.6
YHR083W,39.2
YJL103C,2.72
YGR067C,1.43
YOR340C,117
YHL009W-B,0.52
YOR197W,42.6
YPL267W,6.24
YBR016W,20.9
YGL148W,301
YOL001W,1.91
YLR349W,1.38
YDR073W,9.61
YJR019C,4.87
YPR037C,49.7
YLR336C,36.1
YDR534C,0.038
YIL095W,18.3
YDR122W,27.4
YGL025C,9.53
YIL111W,28
YHR201C,74.5
YLR284C,4.99
YER014W,92.4
YGL198W,1.98
YEL075C,1.31
YER118C,24.1
YNL223W,24.7
YPL102C,1.48
YBL010C,11.8
YER088C,38.1
YOR171C,38.6
YER105C,61.9
YDR506C,5.46
YBR131W,28.8
YDR332W,1.63
YNL191W,60.7
YBL029C-A,29
YMR314W,206
YPL058C,115
YJL088W,234
YKL028W,259
YIR021W-A,0.759
YPR088C,31.3
YDL033C,12.6
YBR149W,285
YBR216C,31.1
YDR389W,22.9
YGL181W,28.5
YDR386W,4.13
YOR170W,1.49
YPR156C,79.9
YIL156W-A,0.074
YLR263W,1.98
YPL254W,61.2
YLR081W,1.62
YKR037C,7.74
YGR233C,89.8
YOR175C,74.9
YBR152W,28.4
YJL095W,3.32
YAL041W,26.3
YOL111C,128
YOR296W,4.24
YEL077W-A,0.006
YKR040C,1.3
YKR102W,0.469
YOR292C,1.75
YFR049W,118
YPR133C,55.9
YER032W,0.459
YPL245W,14.9
YFR039C,30.9
YPL157W,2.44
YPL121C,294
YDR298C,777
YBL044W,1.21
YHL036W,1.98
YMR190C,1.98
YLR163C,37.2
YJL100W,1.8
YKL196C,88.7
YOR262W,81.5
YKR033C,0.724
YPL191C,17.1
YIL005W,57.4
YPR204C-A,0.006
YFL031W,62.4
YDL029W,162
YJL050W,148
YPL019C,143
YDL025C,36.4
YDL078C,206
YBL071W-A,111
YPL186C,14.6
YPR179C,14.1
YGR035C,1.28
YDR328C,47.9
YFR028C,72.5
YBR087W,60
YJR047C,110
YOR380W,2.49
YHR088W,50
YDR484W,33.1
YIR010W,13.1
YDL123W,78.6
YDR188W,110
YNL048W,37.1
YMR024W,83.5
YOR364W,1.37
YDR339C,13.4
YMR006C,4.47
YIR003W,46.8
YKL041W,35.4
YDL042C,29.4
YPR114W,66.3
YCR087C-A,66.2
YOR034C,7.65
YNL024C,13.8
YKL170W,37.2
YDL237W,40.7
YGR269W,15.3
