,seed_id
s_0001_c,C00965
s_0001_ce,C00965
s_0001_e,C00965
s_0004_ce,C02493
s_0006_m,C04807
s_0007_c,C11514
s_0008_m,C06007
s_0009_c,C04411
s_0010_c,C04236
s_0010_m,C04236
s_0012_m,C04593
s_0013_c,CHEBI:53026
s_0013_n,CHEBI:53026
s_0015_c,C03406
s_0016_c,C04272
s_0016_m,C04272
s_0017_c,C03492
s_0018_c,C01143
s_0019_c,C01107
s_0020_c,C00810
s_0020_n,C00810
s_0021_c,C00318
s_0021_e,C00318
s_0021_m,C00318
s_0021_p,C00318
s_0025_c,C00256
s_0025_e,C00256
s_0025_m,C00256
s_0028_c,C00418
s_0028_e,C00418
s_0030_c,C00522
s_0031_c,C00864
s_0031_e,C00864
s_0033_c,C03451
s_0033_m,C03451
s_0035_c,C03044
s_0035_e,C03044
s_0037_c,C01054
s_0037_er,C01054
s_0039_m,CHEBI:49256
s_0042_p,C05264
s_0045_erm,CHEBI:52976
s_0045_p,CHEBI:52976
s_0048_p,C05262
s_0051_erm,C05258
s_0051_p,C05258
s_0054_erm,C05260
s_0054_p,C05260
s_0056_c,C00671
s_0056_e,C00671
s_0056_m,C00671
s_0061_c,C00337
s_0062_c,C00424
s_0063_c,C00186
s_0063_e,C00186
s_0063_m,C00186
s_0066_c,C00149
s_0066_e,C00149
s_0066_m,C00149
s_0066_p,C00149
s_0075_c,C00236
s_0076_c,C01302
s_0077_c,C04896
s_0078_c,C02741
s_0079_c,C01225
s_0079_ce,C01225
s_0079_e,C01225
s_0084_e,C04230
s_0086_c,C03506
s_0087_c,C02918
s_0089_c,C01194
s_0089_er,C01194
s_0116_c,C04281
s_0116_m,C04281
s_0118_c,C04322
s_0118_m,C04322
s_0120_c,C00234
s_0120_m,C00234
s_0122_c,C05108
s_0122_e,C05108
s_0123_n,C01272
s_0124_n,C11555
s_0125_c,C01245
s_0125_n,C01245
s_0126_c,C01177
s_0126_er,C01177
s_0129_m,C04006
s_0131_c,C02353
s_0131_e,C02353
s_0132_c,C00559
s_0132_e,C00559
s_0134_c,C00330
s_0134_e,C00330
s_0136_c,C05512
s_0136_e,C05512
s_0138_c,C00526
s_0138_e,C00526
s_0140_c,C01159
s_0141_c,C01304
s_0142_c,CHEBI:52402
s_0143_c,C04441
s_0144_c,C04692
s_0145_m,C01250
s_0146_c,C00900
s_0146_m,C00900
s_0147_c,CHEBI:29044
s_0148_m,C01300
s_0149_c,C00966
s_0149_m,C00966
s_0152_c,C01801
s_0152_e,C01801
s_0153_c,C00673
s_0154_m,C05805
s_0155_m,C05803
s_0156_m,C05804
s_0157_m,C05802
s_0158_c,C15556
s_0161_er,CHEBI:50626
s_0162_c,C02504
s_0162_e,C02504
s_0162_m,C02504
s_0165_c,C02631
s_0166_c,C02223
s_0166_e,C02223
s_0166_m,C02223
s_0169_c,CHEBI:48945
s_0169_e,CHEBI:48945
s_0169_m,CHEBI:48945
s_0172_c,CHEBI:50585
s_0172_e,CHEBI:50585
s_0174_m,C02225
s_0176_c,C00322
s_0176_m,C00322
s_0178_c,C00109
s_0178_m,C00109
s_0180_c,C00026
s_0180_e,C00026
s_0180_m,C00026
s_0180_n,C00026
s_0180_p,C00026
s_0185_c,C05853
s_0185_e,C05853
s_0185_m,C05853
s_0188_c,C00631
s_0188_e,C00631
s_0189_c,C00353
s_0189_lp,C00353
s_0190_c,C00448
s_0190_lp,C00448
s_0190_m,C00448
s_0192_c,C00575
s_0193_c,C00941
s_0194_c,C00968
s_0195_c,C00942
s_0196_c,C00943
s_0197_c,C00882
s_0197_m,C00882
s_0201_c,C00053
s_0204_c,C01179
s_0204_p,C01179
s_0207_c,C01267
s_0208_c,CHEBI:58374
s_0209_c,C15816
s_0210_c,C00944
s_0211_c,C02637
s_0212_c,C05200
s_0212_m,C05200
s_0214_m,C05313
s_0215_c,C13425
s_0215_m,C13425
s_0217_c,CHEBI:52960
s_0218_c,C00356
s_0218_m,C00356
s_0222_c,C03227
s_0224_c,C00632
s_0229_erm,C16217
s_0229_p,C16217
s_0231_er,C02934
s_0232_c,C00141
s_0232_m,C00141
s_0234_c,C07329
s_0234_e,C07329
s_0234_m,C07329
s_0239_p,C05265
s_0243_erm,CHEBI:52977
s_0243_p,CHEBI:52977
s_0247_p,C05263
s_0250_erm,C16216
s_0250_p,C16216
s_0253_erm,C05259
s_0253_p,C05259
s_0257_erm,C05261
s_0257_p,C05261
s_0258_c,C03232
s_0259_c,C01005
s_0259_e,C01005
s_0260_c,C00197
s_0260_e,C00197
s_0261_c,C03175
s_0262_c,C11455
s_0263_c,CHEBI:53066
s_0264_c,C06055
s_0267_c,C04752
s_0268_c,C04556
s_0269_c,C11355
s_0270_c,C01279
s_0271_c,C00568
s_0271_e,C00568
s_0271_m,C00568
s_0274_c,C00555
s_0274_m,C00555
s_0279_c,CHEBI:53064
s_0280_c,C03078
s_0281_c,C01035
s_0282_c,C01127
s_0282_m,C01127
s_0282_p,C01127
s_0285_c,C06056
s_0286_c,C00156
s_0286_m,C00156
s_0290_m,C02949
s_0291_c,C00233
s_0291_m,C00233
s_0293_c,C04327
s_0294_c,C01180
s_0295_c,C03082
s_0296_c,C05103
s_0297_c,C15808
s_0298_c,C00224
s_0299_c,C04823
s_0300_c,C03373
s_0301_c,C04376
s_0302_c,C04640
s_0303_c,C00170
s_0304_c,C00445
s_0304_m,C00445
s_0306_c,C00143
s_0306_m,C00143
s_0308_c,C09332
s_0309_c,CHEBI:52965
s_0310_c,C04294
s_0311_c,C15650
s_0312_c,C04916
s_0313_c,C04454
s_0314_c,C04732
s_0315_c,C00430
s_0315_e,C00430
s_0315_m,C00430
s_0318_c,C11526
s_0319_c,C03479
s_0319_e,C03479
s_0319_m,C03479
s_0322_c,C00440
s_0323_c,C04489
s_0324_c,C01269
s_0325_c,C03838
s_0326_c,C02739
s_0327_c,C03090
s_0328_c,C04332
s_0329_er,C04248
s_0330_er,CHEBI:53055
s_0331_er,C01288
s_0332_er,CHEBI:53060
s_0333_c,CHEBI:53065
s_0334_er,CHEBI:53056
s_0335_c,C01236
s_0337_er,CHEBI:53057
s_0338_er,CHEBI:53059
s_0339_er,CHEBI:53058
s_0340_c,C00345
s_0340_e,C00345
s_0341_c,C01037
s_0341_e,C01037
s_0343_c,C04874
s_0343_m,C04874
s_0345_c,C05925
s_0346_c,C04895
s_0347_c,C00921
s_0347_m,C00921
s_0349_c,C04691
s_0349_m,C04691
s_0352_c,C01092
s_0352_e,C01092
s_0357_c,C00385
s_0357_e,C00385
s_0359_c,C00084
s_0359_e,C00084
s_0359_m,C00084
s_0362_c,C00033
s_0362_e,C00033
s_0362_er,C00033
s_0362_m,C00033
s_0362_n,C00033
s_0367_c,C00332
s_0367_m,C00332
s_0367_p,C00332
s_0372_m,C03939
s_0373_c,C00024
s_0373_m,C00024
s_0373_n,C00024
s_0373_p,C00024
s_0383_c,C00147
s_0383_e,C00147
s_0383_m,C00147
s_0386_c,C00212
s_0386_e,C00212
s_0389_c,C00946
s_0389_e,C00946
s_0390_c,C00054
s_0390_e,C00054
s_0390_m,C00054
s_0393_c,C03794
s_0394_c,C00008
s_0394_ce,C00008
s_0394_er,C00008
s_0394_erm,C00008
s_0394_g,C00008
s_0394_gm,C00008
s_0394_m,C00008
s_0394_n,C00008
s_0394_p,C00008
s_0394_v,C00008
s_0394_vm,C00008
s_0402_c,C00301
s_0402_n,C00301
s_0403_c,C04677
s_0405_c,C00499
s_0405_e,C00499
s_0407_c,C01551
s_0407_e,C01551
s_0409_c,C00689
s_0410_c,C00446
s_0411_c,C06156
s_0412_c,C00352
s_0412_e,C00352
s_0414_g,C05861
s_0415_c,C00620
s_0415_m,C00620
s_0417_c,C06735
s_0418_c,C01888
s_0419_c,C01342
s_0419_e,C01342
s_0419_m,C01342
s_0423_c,C00020
s_0423_ce,C00020
s_0423_e,C00020
s_0423_erm,C00020
s_0423_lp,C00020
s_0423_m,C00020
s_0423_n,C00020
s_0423_p,C00020
s_0427_c,C00108
s_0428_m,C02163
s_0430_m,C03402
s_0432_m,C02984
s_0434_c,C00002
s_0434_ce,C00002
s_0434_er,C00002
s_0434_erm,C00002
s_0434_g,C00002
s_0434_gm,C00002
s_0434_lp,C00002
s_0434_m,C00002
s_0434_n,C00002
s_0434_p,C00002
s_0434_v,C00002
s_0434_vm,C00002
s_0441_c,C00099
s_0442_c,C00665
s_0443_c,C05860
s_0443_g,C05860
s_0445_c,C00288
s_0445_e,C00288
s_0445_m,C00288
s_0445_n,C00288
s_0450_c,biomass
s_0451_c,C00120
s_0451_e,C00120
s_0453_c,C05921
s_0454_m,C04002
s_0455_c,C00169
s_0455_e,C00169
s_0456_c,C00011
s_0456_e,C00011
s_0456_er,C00011
s_0456_erm,C00011
s_0456_gm,C00011
s_0456_m,C00011
s_0456_mm,C00011
s_0456_n,C00011
s_0456_p,C00011
s_0456_vm,C00011
s_0465_m,C01209
s_0467_c,C00112
s_0467_erm,C00112
s_0467_n,C00112
s_0469_c,C00307
s_0469_erm,C00307
s_0474_c,C00570
s_0474_erm,C00570
s_0475_er,CHEBI:52961
s_0475_g,CHEBI:52961
s_0475_m,CHEBI:52961
s_0478_er,CHEBI:52962
s_0478_g,CHEBI:52962
s_0478_m,CHEBI:52962
s_0481_er,CHEBI:52979
s_0481_g,CHEBI:52979
s_0481_m,CHEBI:52979
s_0484_er,CHEBI:52980
s_0484_g,CHEBI:52980
s_0484_m,CHEBI:52980
s_0487_er,CHEBI:52371
s_0487_g,CHEBI:52371
s_0487_m,CHEBI:52371
s_0490_er,CHEBI:52372
s_0490_g,CHEBI:52372
s_0490_m,CHEBI:52372
s_0493_er,CHEBI:52373
s_0493_g,CHEBI:52373
s_0493_m,CHEBI:52373
s_0496_er,CHEBI:52374
s_0496_g,CHEBI:52374
s_0496_m,CHEBI:52374
s_0499_er,CHEBI:60256
s_0499_g,CHEBI:60256
s_0499_m,CHEBI:60256
s_0502_er,CHEBI:60384
s_0502_g,CHEBI:60384
s_0502_m,CHEBI:60384
s_0507_ce,CHEBI:31013
s_0507_er,CHEBI:31013
s_0507_erm,CHEBI:31013
s_0507_lp,CHEBI:31013
s_0509_c,C00461
s_0510_ce,C00734
s_0511_c,C00114
s_0511_ce,C00114
s_0511_e,C00114
s_0514_c,C00588
s_0514_e,C00588
s_0515_c,C00251
s_0516_c,C00417
s_0516_m,C00417
s_0522_c,C00158
s_0522_e,C00158
s_0522_m,C00158
s_0522_p,C00158
s_0526_c,C00055
s_0526_e,C00055
s_0526_erm,C00055
s_0526_m,C00055
s_0526_mm,C00055
s_0529_c,C00010
s_0529_ce,C00010
s_0529_er,C00010
s_0529_erm,C00010
s_0529_lp,C00010
s_0529_m,C00010
s_0529_mm,C00010
s_0529_n,C00010
s_0529_p,C00010
s_0538_c,C03263
s_0539_c,C00063
s_0539_erm,C00063
s_0539_m,C00063
s_0539_mm,C00063
s_0543_c,C00475
s_0543_e,C00475
s_0545_c,C00380
s_0545_e,C00380
s_0547_c,C00652
s_0548_c,C00216
s_0548_e,C00216
s_0550_c,C04666
s_0551_c,C00279
s_0551_m,C00279
s_0553_c,C00095
s_0553_e,C00095
s_0553_v,C00095
s_0555_c,C00354
s_0556_c,C01094
s_0557_c,C00085
s_0558_c,C00124
s_0558_e,C00124
s_0558_v,C00124
s_0560_e,C00333
s_0561_c,C00794
s_0561_e,C00794
s_0563_c,C00031
s_0563_e,C00031
s_0563_er,C00031
s_0563_v,C00031
s_0567_c,C00103
s_0567_e,C00103
s_0568_c,C00092
s_0568_e,C00092
s_0570_c,C00577
s_0571_c,C00159
s_0571_e,C00159
s_0571_er,C00159
s_0573_c,C00636
s_0573_e,C00636
s_0574_c,C00275
s_0574_e,C00275
s_0574_v,C00275
s_0575_c,C00121
s_0575_e,C00121
s_0577_c,C00199
s_0578_c,C00181
s_0578_e,C00181
s_0579_c,C00310
s_0580_c,C00310
s_0581_c,C00231
s_0582_c,C00206
s_0582_n,C00206
s_0584_c,C00360
s_0584_m,C00360
s_0586_c,C00131
s_0587_c,C00705
s_0587_n,C00705
s_0589_c,C00239
s_0590_c,C00458
s_0591_c,C00857
s_0591_n,C00857
s_0595_c,C01571
s_0595_e,C01571
s_0595_p,C01571
s_0605_p,C05274
s_0606_lp,C17432
s_0607_c,C06316
s_0608_c,CHEBI:53027
s_0608_n,CHEBI:53027
s_0610_c,C00881
s_0610_e,C00881
s_0612_c,C01909
s_0613_c,C00361
s_0613_n,C00361
s_0615_c,C00362
s_0615_m,C00362
s_0617_c,C00286
s_0618_c,C01344
s_0620_c,C00165
s_0620_er,C00165
s_0620_erm,C00165
s_0625_c,C00415
s_0625_m,C00415
s_0627_m,C00579
s_0628_m,C02972
s_0629_c,C00111
s_0629_erm,C00111
s_0629_lp,C00111
s_0629_m,C00111
s_0633_c,C00013
s_0633_ce,C00013
s_0633_e,C00013
s_0633_erm,C00013
s_0633_lp,C00013
s_0633_m,C00013
s_0633_mm,C00013
s_0633_n,C00013
s_0633_p,C00013
s_0639_c,C01345
s_0640_lp,CHEBI:53031
s_0641_lp,CHEBI:53041
s_0642_c,C00381
s_0644_er,C03862
s_0645_c,C00110
s_0645_er,C00110
s_0647_c,C00363
s_0649_c,C00364
s_0650_c,C00459
s_0650_e,C00459
s_0652_c,C01346
s_0652_n,C01346
s_0654_c,C00365
s_0654_n,C00365
s_0656_c,C00460
s_0657_c,C15777
s_0657_e,C15777
s_0657_erm,C15777
s_0657_lp,C15777
s_0662_c,C05440
s_0662_e,C05440
s_0662_er,C05440
s_0664_c,C15780
s_0665_c,C01694
s_0665_ce,C01694
s_0665_e,C01694
s_0665_er,C01694
s_0665_erm,C01694
s_0665_lp,C01694
s_0670_c,CHEBI:52973
s_0672_c,CHEBI:52320
s_0672_erm,CHEBI:52320
s_0677_c,C05947
s_0677_m,C05947
s_0677_p,C05947
s_0680_c,C00469
s_0680_e,C00469
s_0680_m,C00469
s_0683_c,C00189
s_0683_e,C00189
s_0685_c,C00849
s_0685_e,C00849
s_0687_c,C00016
s_0687_m,C00016
s_0689_c,C01352
s_0689_m,C01352
s_0694_c,C00162
s_0699_c,C04525
s_0699_ce,C04525
s_0699_e,C04525
s_0699_erm,C04525
s_0699_lp,C04525
s_0709_m,C00125
s_0710_m,C00126
s_0712_m,C00032
s_0713_m,C03294
s_0714_c,C00061
s_0714_e,C00061
s_0714_m,C00061
s_0717_c,C01847
s_0719_c,C00504
s_0719_e,C00504
s_0721_c,C00067
s_0722_c,C00058
s_0722_e,C00058
s_0722_m,C00058
s_0725_c,C00122
s_0725_e,C00122
s_0725_m,C00122
s_0734_c,C00334
s_0734_e,C00334
s_0734_m,C00334
s_0739_c,C00035
s_0739_er,C00035
s_0739_g,C00035
s_0739_m,C00035
s_0739_n,C00035
s_0743_c,C00096
s_0743_er,C00096
s_0743_g,C00096
s_0745_c,C00341
s_0747_m,C02282
s_0748_m,C02987
s_0750_c,C00051
s_0750_e,C00051
s_0750_er,C00051
s_0750_m,C00051
s_0750_p,C00051
s_0750_v,C00051
s_0754_c,C00127
s_0754_e,C00127
s_0754_m,C00127
s_0754_p,C00127
s_0764_c,C00661
s_0765_c,C00116
s_0765_e,C00116
s_0765_lp,C00116
s_0767_c,C00093
s_0767_erm,C00093
s_0767_lp,C00093
s_0767_m,C00093
s_0767_mm,C00093
s_0771_c,C00184
s_0771_e,C00184
s_0773_c,C00182
s_0773_v,C00182
s_0775_c,C00266
s_0775_e,C00266
s_0775_m,C00266
s_0779_c,C00048
s_0779_e,C00048
s_0779_p,C00048
s_0782_c,C00144
s_0782_e,C00144
s_0782_g,C00144
s_0785_c,C00044
s_0785_m,C00044
s_0787_c,C00242
s_0787_e,C00242
s_0787_m,C00242
s_0790_c,C00387
s_0790_e,C00387
s_0790_m,C00387
s_0793_c,cpd00067
s_0793_ce,cpd00067
s_0793_e,cpd00067
s_0793_er,cpd00067
s_0793_erm,cpd00067
s_0793_g,cpd00067
s_0793_gm,cpd00067
s_0793_lp,cpd00067
s_0793_m,cpd00067
s_0793_mm,cpd00067
s_0793_n,cpd00067
s_0793_p,cpd00067
s_0793_v,cpd00067
s_0793_vm,cpd00067
s_0803_c,cpd00001
s_0803_ce,cpd00001
s_0803_e,cpd00001
s_0803_er,cpd00001
s_0803_erm,cpd00001
s_0803_g,cpd00001
s_0803_gm,cpd00001
s_0803_lp,cpd00001
s_0803_m,cpd00001
s_0803_mm,cpd00001
s_0803_n,cpd00001
s_0803_p,cpd00001
s_0803_v,cpd00001
s_0803_vm,cpd00001
s_0811_c,C15670
s_0811_m,C15670
s_0812_m,C15672
s_0813_lp,CHEBI:53032
s_0814_lp,CHEBI:53036
s_0815_lp,C04216
s_0816_c,CHEBI:52966
s_0816_ce,CHEBI:52966
s_0816_er,CHEBI:52966
s_0816_erm,CHEBI:52966
s_0816_lp,CHEBI:52966
s_0816_p,CHEBI:52966
s_0823_p,MNXM581
s_0825_e,C00517
s_0825_er,C00517
s_0829_lp,CHEBI:53037
s_0830_lp,C01230
s_0830_m,C01230
s_0832_m,C02988
s_0834_m,C01251
s_0834_n,C01251
s_0836_m,C05662
s_0837_c,C00027
s_0837_m,C00027
s_0837_n,C00027
s_0837_p,C00027
s_0841_c,C00283
s_0841_m,C00283
s_0843_c,C00262
s_0843_e,C00262
s_0845_lp,CHEBI:53033
s_0846_c,C00104
s_0847_m,C03127
s_0849_c,C00130
s_0850_c,C00637
s_0850_e,C00637
s_0850_m,C00637
s_0853_c,C00954
s_0853_m,C00954
s_0855_c,C00331
s_0856_c,C00294
s_0856_e,C00294
s_0859_c,CHEBI:62682
s_0859_g,CHEBI:62682
s_0861_er,CHEBI:60439
s_0861_g,CHEBI:60439
s_0861_m,CHEBI:60439
s_0864_er,CHEBI:62715
s_0864_g,CHEBI:62715
s_0864_m,CHEBI:62715
s_0867_er,CHEBI:60443
s_0867_g,CHEBI:60443
s_0867_m,CHEBI:60443
s_0870_er,CHEBI:62719
s_0870_g,CHEBI:62719
s_0870_m,CHEBI:62719
s_0873_er,CHEBI:60441
s_0873_g,CHEBI:60441
s_0873_m,CHEBI:60441
s_0876_er,CHEBI:62717
s_0876_g,CHEBI:62717
s_0876_m,CHEBI:62717
s_0879_er,CHEBI:60445
s_0879_g,CHEBI:60445
s_0879_m,CHEBI:60445
s_0882_er,CHEBI:53005
s_0882_g,CHEBI:53005
s_0882_m,CHEBI:53005
s_0885_er,CHEBI:60446
s_0885_g,CHEBI:60446
s_0885_m,CHEBI:60446
s_0888_er,CHEBI:62684
s_0888_g,CHEBI:62684
s_0888_m,CHEBI:62684
s_0892_c,CHEBI:60245
s_0892_g,CHEBI:60245
s_0894_er,CHEBI:60402
s_0894_g,CHEBI:60402
s_0894_m,CHEBI:60402
s_0897_er,CHEBI:60405
s_0897_g,CHEBI:60405
s_0897_m,CHEBI:60405
s_0900_er,CHEBI:60410
s_0900_g,CHEBI:60410
s_0900_m,CHEBI:60410
s_0903_er,CHEBI:60412
s_0903_g,CHEBI:60412
s_0903_m,CHEBI:60412
s_0906_er,CHEBI:60406
s_0906_g,CHEBI:60406
s_0906_m,CHEBI:60406
s_0909_er,CHEBI:60409
s_0909_g,CHEBI:60409
s_0909_m,CHEBI:60409
s_0912_er,CHEBI:60413
s_0912_g,CHEBI:60413
s_0912_m,CHEBI:60413
s_0915_er,CHEBI:53004
s_0915_g,CHEBI:53004
s_0915_m,CHEBI:53004
s_0918_er,CHEBI:60414
s_0918_g,CHEBI:60414
s_0918_m,CHEBI:60414
s_0921_er,CHEBI:60415
s_0921_g,CHEBI:60415
s_0921_m,CHEBI:60415
s_0924_c,C14818
s_0924_e,C14818
s_0924_m,C14818
s_0927_c,C12296
s_0927_e,C12296
s_0929_c,C07328
s_0929_e,C07328
s_0929_m,C07328
s_0932_c,C14710
s_0932_e,C14710
s_0932_m,C14710
s_0935_c,CHEBI:50569
s_0935_e,CHEBI:50569
s_0937_c,CHEBI:48943
s_0937_e,CHEBI:48943
s_0937_m,CHEBI:48943
s_0940_c,C00311
s_0940_m,C00311
s_0940_p,C00311
s_0943_c,C00129
s_0943_lp,C00129
s_0943_m,C00129
s_0946_m,C00490
s_0949_m,C00531
s_0950_c,C00081
s_0951_c,C00166
s_0952_c,C03508
s_0953_c,C00956
s_0954_m,C05938
s_0955_c,C00041
s_0955_e,C00041
s_0955_m,C00041
s_0955_v,C00041
s_0958_c,C05519
s_0959_c,C04076
s_0960_c,C11822
s_0961_c,C00532
s_0961_e,C00532
s_0963_c,C00259
s_0963_e,C00259
s_0965_c,C00062
s_0965_e,C00062
s_0965_m,C00062
s_0965_v,C00062
s_0969_c,C00152
s_0969_e,C00152
s_0969_m,C00152
s_0969_v,C00152
s_0973_c,C00049
s_0973_e,C00049
s_0973_m,C00049
s_0973_p,C00049
s_0973_v,C00049
s_0978_c,C00441
s_0979_c,C00327
s_0979_e,C00327
s_0980_c,C02291
s_0981_c,C00097
s_0981_e,C00097
s_0981_m,C00097
s_0983_c,C01419
s_0983_m,C01419
s_0984_c,C00491
s_0984_v,C00491
s_0986_c,C03287
s_0987_c,C03738
s_0988_c,C00669
s_0989_c,C01722
s_0989_e,C01722
s_0991_c,C00025
s_0991_e,C00025
s_0991_m,C00025
s_0991_n,C00025
s_0991_p,C00025
s_0991_v,C00025
s_0997_c,C01165
s_0999_c,C00064
s_0999_e,C00064
s_0999_m,C00064
s_0999_n,C00064
s_0999_v,C00064
s_1003_c,C00037
s_1003_e,C00037
s_1003_m,C00037
s_1003_v,C00037
s_1006_c,C00135
s_1006_e,C00135
s_1006_m,C00135
s_1006_v,C00135
s_1010_c,C00860
s_1011_c,C01100
s_1012_c,C00155
s_1014_c,C00263
s_1014_e,C00263
s_1016_c,C00407
s_1016_e,C00407
s_1016_m,C00407
s_1016_v,C00407
s_1020_c,C00328
s_1021_c,C00123
s_1021_e,C00123
s_1021_m,C00123
s_1021_v,C00123
s_1025_c,C00047
s_1025_e,C00047
s_1025_m,C00047
s_1025_v,C00047
s_1029_c,C00073
s_1029_e,C00073
s_1029_m,C00073
s_1029_v,C00073
s_1032_c,C00079
s_1032_e,C00079
s_1032_m,C00079
s_1035_c,C00148
s_1035_e,C00148
s_1035_m,C00148
s_1038_c,C00449
s_1039_c,C00065
s_1039_e,C00065
s_1039_er,C00065
s_1039_erm,C00065
s_1039_m,C00065
s_1043_c,C00247
s_1043_e,C00247
s_1045_c,C00188
s_1045_e,C00188
s_1045_m,C00188
s_1045_v,C00188
s_1048_c,C00078
s_1048_e,C00078
s_1048_m,C00078
s_1051_c,C00082
s_1051_e,C00082
s_1051_m,C00082
s_1051_p,C00082
s_1051_v,C00082
s_1056_c,C00183
s_1056_e,C00183
s_1056_m,C00183
s_1059_c,C01724
s_1059_e,C01724
s_1059_erm,C01724
s_1059_lp,C01724
s_1065_c,C02679
s_1065_e,C02679
s_1065_erm,C02679
s_1065_lp,C02679
s_1065_p,C02679
s_1073_c,C01832
s_1073_erm,C01832
s_1073_lp,C01832
s_1073_p,C01832
s_1077_m,C02047
s_1079_c,C00909
s_1079_n,C00909
s_1081_c,C02165
s_1081_n,C02165
s_1085_ce,C08320
s_1085_er,C08320
s_1085_erm,C08320
s_1085_lp,C08320
s_1096_c,C01356
s_1097_c,C00248
s_1097_e,C00248
s_1097_m,C00248
s_1098_m,C02051
s_1099_m,C01931
s_1101_c,C00083
s_1101_erm,C00083
s_1101_m,C00083
s_1105_c,C00208
s_1105_e,C00208
s_1107_c,C00464
s_1107_er,C00464
s_1109_er,CHEBI:60449
s_1109_m,CHEBI:60449
s_1111_er,CHEBI:60448
s_1111_m,CHEBI:60448
s_1114_c,CHEBI:25168
s_1114_g,CHEBI:25168
s_1116_er,CHEBI:60416
s_1116_g,CHEBI:60416
s_1116_m,CHEBI:60416
s_1119_er,CHEBI:62706
s_1119_g,CHEBI:62706
s_1119_m,CHEBI:62706
s_1122_er,CHEBI:60420
s_1122_g,CHEBI:60420
s_1122_m,CHEBI:60420
s_1125_er,CHEBI:62710
s_1125_g,CHEBI:62710
s_1125_m,CHEBI:62710
s_1128_er,CHEBI:60418
s_1128_g,CHEBI:60418
s_1128_m,CHEBI:60418
s_1131_er,CHEBI:62708
s_1131_g,CHEBI:62708
s_1131_m,CHEBI:62708
s_1134_er,CHEBI:60422
s_1134_g,CHEBI:60422
s_1134_m,CHEBI:60422
s_1137_er,CHEBI:62712
s_1137_g,CHEBI:62712
s_1137_m,CHEBI:62712
s_1140_er,CHEBI:60435
s_1140_g,CHEBI:60435
s_1140_m,CHEBI:60435
s_1143_er,CHEBI:62683
s_1143_g,CHEBI:62683
s_1143_m,CHEBI:62683
s_1148_m,C02430
s_1150_c,C00409
s_1151_c,C00546
s_1153_c,C00137
s_1153_e,C00137
s_1153_erm,C00137
s_1156_c,C01284
s_1156_n,C01284
s_1158_c,C01204
s_1158_e,C01204
s_1158_n,C01204
s_1161_c,C06424
s_1161_e,C06424
s_1161_erm,C06424
s_1161_lp,C06424
s_1161_p,C06424
s_1176_c,C02593
s_1176_erm,C02593
s_1176_lp,C02593
s_1176_p,C02593
s_1180_c,C00612
s_1181_c,C02567
s_1182_m,C00437
s_1183_c,C01152
s_1184_c,C04537
s_1185_c,CHEBI:50611
s_1185_e,CHEBI:50611
s_1187_c,C04302
s_1188_c,C04352
s_1189_c,C04501
s_1190_c,C00357
s_1191_m,C04133
s_1192_c,C00624
s_1192_e,C00624
s_1192_m,C00624
s_1193_c,C02714
s_1194_c,C00438
s_1195_c,C02700
s_1196_c,CHEBI:50603
s_1198_c,C00003
s_1198_er,C00003
s_1198_erm,C00003
s_1198_m,C00003
s_1198_n,C00003
s_1198_p,C00003
s_1203_c,C00004
s_1203_er,C00004
s_1203_erm,C00004
s_1203_m,C00004
s_1203_n,C00004
s_1203_p,C00004
s_1207_c,C00006
s_1207_er,C00006
s_1207_erm,C00006
s_1207_lp,C00006
s_1207_m,C00006
s_1207_p,C00006
s_1212_c,C00005
s_1212_er,C00005
s_1212_erm,C00005
s_1212_lp,C00005
s_1212_m,C00005
s_1212_p,C00005
s_1216_c,C00153
s_1216_n,C00153
s_1218_c,C03150
s_1219_c,C00253
s_1219_e,C00253
s_1219_m,C00253
s_1222_c,C01185
s_1222_m,C01185
s_1224_c,C00455
s_1224_e,C00455
s_1224_n,C00455
s_1224_p,C00455
s_1229_lp,CHEBI:53034
s_1230_c,C03885
s_1231_c,C04145
s_1231_lp,C04145
s_1233_c,C01077
s_1234_c,C00979
s_1234_m,C00979
s_1235_c,C02571
s_1235_m,C02571
s_1235_p,C02571
s_1238_c,C01102
s_1239_c,C00346
s_1239_e,C00346
s_1239_er,C00346
s_1241_c,C01118
s_1246_lp,CHEBI:53035
s_1248_c,C06423
s_1248_e,C06423
s_1248_p,C06423
s_1254_m,C05752
s_1258_p,C01944
s_1259_lp,C04146
s_1260_c,C00712
s_1260_ce,C00712
s_1260_e,C00712
s_1260_erm,C00712
s_1260_lp,C00712
s_1260_m,C00712
s_1260_p,C00712
s_1262_c,C00510
s_1262_erm,C00510
s_1262_lp,C00510
s_1262_mm,C00510
s_1262_p,C00510
s_1266_c,C01602
s_1266_e,C01602
s_1266_m,C01602
s_1269_c,C00295
s_1270_c,C01103
s_1271_c,C00036
s_1271_e,C00036
s_1271_m,C00036
s_1271_p,C00036
s_1275_c,C00007
s_1275_e,C00007
s_1275_er,C00007
s_1275_erm,C00007
s_1275_m,C00007
s_1275_p,C00007
s_1282_c,C01260
s_1283_c,C01261
s_1284_c,CHEBI:52968
s_1286_c,C00249
s_1286_ce,C00249
s_1286_e,C00249
s_1286_erm,C00249
s_1286_lp,C00249
s_1286_mm,C00249
s_1286_p,C00249
s_1293_c,C08362
s_1293_ce,C08362
s_1293_e,C08362
s_1293_erm,C08362
s_1293_lp,C08362
s_1293_p,C08362
s_1302_c,C00154
s_1302_er,C00154
s_1302_erm,C00154
s_1302_lp,C00154
s_1302_p,C00154
s_1307_c,C01134
s_1307_m,C01134
s_1309_e,C00714
s_1310_lp,CHEBI:53038
s_1311_c,C04217
s_1311_lp,C04217
s_1311_m,C04217
s_1314_m,C03511
s_1316_c,C12303
s_1316_e,C12303
s_1318_c,C00601
s_1318_e,C00601
s_1318_m,C00601
s_1321_c,C07086
s_1322_c,C00009
s_1322_ce,C00009
s_1322_e,C00009
s_1322_er,C00009
s_1322_erm,C00009
s_1322_g,C00009
s_1322_gm,C00009
s_1322_m,C00009
s_1322_mm,C00009
s_1322_v,C00009
s_1322_vm,C00009
s_1337_c,C02737
s_1337_erm,C02737
s_1346_c,C00157
s_1346_erm,C00157
s_1351_c,C00350
s_1351_er,C00350
s_1351_erm,C00350
s_1360_c,C00074
s_1360_e,C00074
s_1360_m,C00074
s_1364_c,C04751
s_1365_c,C04734
s_1366_er,C12144
s_1367_er,CHEBI:46970
s_1368_c,C01063
s_1371_c,C00087
s_1372_c,C00931
s_1373_c,C00238
s_1373_e,C00238
s_1373_v,C00238
s_1375_c,C02463
s_1376_c,C00235
s_1377_c,C00254
s_1378_c,C01024
s_1379_m,C02702
s_1382_c,C00100
s_1382_m,C00100
s_1383_m,C02191
s_1384_c,C01079
s_1384_m,C01079
s_1386_c,C00119
s_1386_m,C00119
s_1388_c,C01168
s_1389_c,C00134
s_1389_e,C00134
s_1389_v,C00134
s_1392_c,C00250
s_1393_c,C00018
s_1394_c,C00534
s_1395_c,C00647
s_1396_c,C00314
s_1396_e,C00314
s_1398_c,C00627
s_1399_c,C00022
s_1399_e,C00022
s_1399_m,C00022
s_1403_c,C03722
s_1403_m,C03722
s_1405_c,C00255
s_1405_e,C00255
s_1405_m,C00255
s_1408_c,C03736
s_1409_m,CHEBI:50622
s_1410_m,C01242
s_1411_m,C01169
s_1412_c,C04425
s_1413_c,C00021
s_1413_erm,C00021
s_1413_m,C00021
s_1413_n,C00021
s_1416_c,C00019
s_1416_e,C00019
s_1416_erm,C00019
s_1416_m,C00019
s_1416_n,C00019
s_1420_c,C01137
s_1421_c,C01031
s_1422_c,C04188
s_1423_c,C04582
s_1424_c,C03172
s_1424_e,C03172
s_1426_c,C00447
s_1427_c,C05382
s_1429_c,C00493
s_1430_c,C00748
s_1431_c,C05778
s_1432_c,C00670
s_1432_ce,C00670
s_1432_e,C00670
s_1432_erm,C00670
s_1437_c,C01330
s_1437_e,C01330
s_1437_v,C01330
s_1439_c,C00315
s_1439_e,C00315
s_1439_v,C00315
s_1442_c,C00750
s_1442_e,C00750
s_1442_v,C00750
s_1445_er,C00836
s_1446_er,C01120
s_1447_c,C00751
s_1447_er,C00751
s_1449_c,C01530
s_1449_ce,C01530
s_1449_e,C01530
s_1449_erm,C01530
s_1449_lp,C01530
s_1449_mm,C01530
s_1449_p,C01530
s_1454_c,C00412
s_1454_erm,C00412
s_1454_lp,C00412
s_1454_p,C00412
s_1458_c,C00042
s_1458_e,C00042
s_1458_m,C00042
s_1461_c,C00232
s_1464_m,C00091
s_1466_c,C00089
s_1466_e,C00089
s_1467_c,C00059
s_1467_e,C00059
s_1467_er,C00059
s_1469_c,C11481
s_1469_e,C11481
s_1469_m,C11481
s_1471_c,C00245
s_1471_e,C00245
s_1473_c,C05122
s_1473_v,C05122
s_1475_c,C00068
s_1475_e,C00068
s_1475_m,C00068
s_1479_c,C16529
s_1479_ce,C16529
s_1479_er,C16529
s_1479_erm,C16529
s_1479_lp,C16529
s_1479_p,C16529
s_1483_lp,CHEBI:53039
s_1486_c,C04144
s_1487_c,C00101
s_1487_m,C00101
s_1489_c,C00378
s_1489_e,C00378
s_1491_m,C02992
s_1493_c,C00214
s_1493_e,C00214
s_1497_c,C01081
s_1497_e,C01081
s_1503_c,C02341
s_1503_m,C02341
s_1507_p,C05275
s_1510_p,C03221
s_1513_erm,CHEBI:52975
s_1513_p,CHEBI:52975
s_1516_erm,C16218
s_1516_p,C16218
s_1519_erm,C05273
s_1519_p,C05273
s_1520_c,C01083
s_1520_e,C01083
s_1520_v,C01083
s_1523_lp,CHEBI:53040
s_1524_c,C00422
s_1524_erm,C00422
s_1526_c,C00986
s_1527_m,C03512
s_1529_c,C00955
s_1529_e,C00955
s_1529_m,C00955
s_1532_c,C03028
s_1533_m,C02839
s_1535_m,C00390
s_1537_m,C17568
s_1538_c,C00015
s_1538_er,C00015
s_1538_g,C00015
s_1538_n,C00015
s_1541_c,C00052
s_1541_g,C00052
s_1543_c,C00029
s_1543_er,C00029
s_1544_c,C00043
s_1544_er,C00043
s_1544_g,C00043
s_1545_c,C00105
s_1545_e,C00105
s_1545_er,C00105
s_1545_g,C00105
s_1545_m,C00105
s_1545_n,C00105
s_1549_lp,CHEBI:53042
s_1550_c,C00106
s_1550_e,C00106
s_1552_c,C00086
s_1552_e,C00086
s_1554_c,C01010
s_1555_c,C05241
s_1556_c,C00299
s_1556_e,C00299
s_1558_c,C01051
s_1559_c,C00075
s_1559_m,C00075
s_1561_m,C02554
s_1563_c,C01762
s_1563_e,C01762
s_1565_c,C00655
s_1566_c,C00379
s_1566_e,C00379
s_1568_c,C05437
s_1568_ce,C05437
s_1568_e,C05437
s_1568_erm,C05437
s_1568_lp,C05437
s_1576_c,CHEBI:52388
s_1577_c,CHEBI:52615
s_1578_c,CHEBI:52389
s_1579_c,CHEBI:52386
s_1582_c,C01635
s_1583_c,C01636
s_1583_m,C01636
s_1585_c,C01637
s_1585_m,C01637
s_1587_c,C01638
s_1587_m,C01638
s_1589_c,C01639
s_1590_c,C01640
s_1591_c,C01641
s_1591_m,C01641
s_1593_c,C01642
s_1594_c,C01643
s_1594_m,C01643
s_1596_c,C01644
s_1596_m,C01644
s_1598_c,C01645
s_1598_m,C01645
s_1600_c,C01646
s_1600_m,C01646
s_1602_c,C01647
s_1602_m,C01647
s_1604_c,C01648
s_1604_m,C01648
s_1606_c,C01649
s_1606_m,C01649
s_1607_c,C01650
s_1608_c,C01651
s_1608_m,C01651
s_1610_c,C01652
s_1610_m,C01652
s_1612_c,C00787
s_1612_m,C00787
s_1614_c,C01653
s_1614_m,C01653
s_1616_c,C00342
s_1616_m,C00342
s_1616_n,C00342
s_1616_p,C00342
s_1620_c,C00343
s_1620_m,C00343
s_1620_n,C00343
s_1620_p,C00343
s_1845_m,C00229
s_2763_c,C01717
s_2764_c,C06325
s_2770_m,C05744
s_2771_m,C05745
s_2772_m,C05746
s_2773_m,C05749
s_2774_m,C05750
s_2775_m,C04618
s_2776_m,C05747
s_2777_m,C16220
s_2778_m,CHEBI:132146
s_2779_m,C05748
s_2780_m,C05751
s_2792_erm,CHEBI:52327
s_2792_p,CHEBI:52327
s_2793_c,C02041
s_2793_ce,C02041
s_2793_erm,C02041
s_2793_p,C02041
s_2794_erm,CHEBI:52328
s_2794_p,CHEBI:52328
s_2795_c,C16528
s_2795_ce,C16528
s_2795_erm,C16528
s_2795_lp,C16528
s_2795_p,C16528
s_2796_erm,CHEBI:52329
s_2796_p,CHEBI:52329
s_2804_erm,CHEBI:52324
s_2805_erm,CHEBI:52325
s_2806_erm,CHEBI:52326
s_2810_erm,C05272
s_2812_erm,trans-icos-2-enoyl-CoA
s_2812_p,trans-icos-2-enoyl-CoA
s_2813_erm,trans-docos-2-enoyl-CoA
s_2813_p,trans-docos-2-enoyl-CoA
s_2814_erm,CHEBI:75068
s_2814_p,CHEBI:75068
s_2819_c,C21072
s_2819_erm,C21072
s_2819_lp,C21072
s_2819_mm,C21072
s_2819_p,C21072
s_2822_c,C00246
s_2822_e,C00246
s_2822_p,C00246
s_2824_c,C01585
s_2824_e,C01585
s_2824_p,C01585
s_2858_ce,CHEBI:32360
s_2862_ce,C08281
s_2862_erm,C08281
s_2862_lp,C08281
s_2884_p,C00136
s_2885_p,C05270
s_2886_p,C00877
s_2887_p,C05271
s_2888_p,C05276
s_2892_p,CHEBI:76889
s_2893_p,cis-tetradec-7-enoyl-CoA
s_2894_p,CHEBI:88067
s_2895_p,cis-dodec-5-enoyl-CoA
s_2896_p,"trans-2,cis-5-dodecadienoyl-CoA"
s_2897_c,C02050
s_2897_p,C02050
s_2898_p,CHEBI:88008
s_2899_p,CHEBI:88086
s_2900_p,CHEBI:70712
s_2901_p,"trans-2,cis-5-tetradecadienoyl-CoA"
s_2902_p,C03561
s_2903_p,CHEBI:74474
s_2904_p,C05278
s_2905_p,CHEBI:76453
s_2906_p,CHEBI:76375
s_2907_p,CHEBI:76463
s_2908_p,(R)-3-hydroxy-cis-hexadec-9-enoyl-CoA
s_2909_p,(R)-3-hydroxy-cis-tetradec-7-enoyl-CoA
s_2910_p,(R)-3-hydroxy-cis-dodec-5-enoyl-CoA
s_2911_p,CHEBI:87781
s_2912_p,CHEBI:88087
s_2913_p,CHEBI:88072
s_2915_p,C05269
s_2916_p,C05267
s_2920_p,CHEBI:53152
s_2921_p,3-oxo-cis-tetradec-7-enoyl-CoA
s_2922_p,3-oxo-cis-dodec-5-enoyl-CoA
s_2923_p,CHEBI:78146
s_2924_p,3-oxo-cis-hexadec-7-enoyl-CoA
s_2925_p,3-oxo-cis-tetradec-5-enoyl-CoA
s_2926_p,cis-dec-3-enoyl-CoA
s_2927_p,CHEBI:27989
s_2928_p,CHEBI:139121
s_2929_p,trans-dodec-3-enoyl-CoA
s_2930_p,CHEBI:72001
s_2931_p,CHEBI:88083
s_2932_p,C05280
s_2933_p,CHEBI:88084
s_2935_c,C04036
s_2935_erm,C04036
s_2935_gm,C04036
s_2935_lp,C04036
s_2935_vm,C04036
s_2936_c,CHEBI:75070
s_2936_erm,CHEBI:75070
s_2936_gm,CHEBI:75070
s_2936_lp,CHEBI:75070
s_2936_vm,CHEBI:75070
s_2937_c,CHEBI:74850
s_2937_erm,CHEBI:74850
s_2937_gm,CHEBI:74850
s_2937_lp,CHEBI:74850
s_2937_vm,CHEBI:74850
s_2938_c,CHEBI:62837
s_2938_erm,CHEBI:62837
s_2938_gm,CHEBI:62837
s_2938_lp,CHEBI:62837
s_2938_vm,CHEBI:62837
s_2940_erm,C01192
s_2940_lp,C01192
s_2941_erm,CHEBI:74694
s_2941_lp,CHEBI:74694
s_2942_erm,C03805
s_2942_lp,C03805
s_2943_erm,C03630
s_2943_lp,C03630
s_2954_ce,CHEBI:73998
s_2954_erm,CHEBI:73998
s_2954_gm,CHEBI:73998
s_2954_mm,CHEBI:73998
s_2954_vm,CHEBI:73998
s_2955_ce,C13889
s_2955_erm,C13889
s_2955_gm,C13889
s_2955_lp,C13889
s_2955_mm,C13889
s_2955_vm,C13889
s_2956_ce,CHEBI:75071
s_2956_erm,CHEBI:75071
s_2956_gm,CHEBI:75071
s_2956_mm,CHEBI:75071
s_2956_vm,CHEBI:75071
s_2957_ce,"phosphatidate (1-16:1, 2-18:1)"
s_2957_erm,"phosphatidate (1-16:1, 2-18:1)"
s_2957_gm,"phosphatidate (1-16:1, 2-18:1)"
s_2957_lp,"phosphatidate (1-16:1, 2-18:1)"
s_2957_mm,"phosphatidate (1-16:1, 2-18:1)"
s_2957_vm,"phosphatidate (1-16:1, 2-18:1)"
s_2958_ce,CHEBI:75073
s_2958_erm,CHEBI:75073
s_2958_gm,CHEBI:75073
s_2958_mm,CHEBI:75073
s_2958_vm,CHEBI:75073
s_2959_ce,CHEBI:74847
s_2959_erm,CHEBI:74847
s_2959_gm,CHEBI:74847
s_2959_lp,CHEBI:74847
s_2959_vm,CHEBI:74847
s_2960_ce,CHEBI:75074
s_2960_erm,CHEBI:75074
s_2960_gm,CHEBI:75074
s_2960_mm,CHEBI:75074
s_2960_vm,CHEBI:75074
s_2961_ce,CHEBI:83775
s_2961_erm,CHEBI:83775
s_2961_gm,CHEBI:83775
s_2961_lp,CHEBI:83775
s_2961_vm,CHEBI:83775
s_2967_c,CHEBI:84394
s_2967_erm,CHEBI:84394
s_2967_gm,CHEBI:84394
s_2967_lp,CHEBI:84394
s_2967_mm,CHEBI:84394
s_2967_n,CHEBI:84394
s_2967_vm,CHEBI:84394
s_2968_c,CHEBI:88454
s_2968_erm,CHEBI:88454
s_2968_gm,CHEBI:88454
s_2968_lp,CHEBI:88454
s_2968_m,CHEBI:88454
s_2968_mm,CHEBI:88454
s_2968_n,CHEBI:88454
s_2968_vm,CHEBI:88454
s_2969_c,CHEBI:84417
s_2969_erm,CHEBI:84417
s_2969_gm,CHEBI:84417
s_2969_lp,CHEBI:84417
s_2969_mm,CHEBI:84417
s_2969_n,CHEBI:84417
s_2969_vm,CHEBI:84417
s_2970_c,CHEBI:88500
s_2970_erm,CHEBI:88500
s_2970_gm,CHEBI:88500
s_2970_lp,CHEBI:88500
s_2970_m,CHEBI:88500
s_2970_mm,CHEBI:88500
s_2970_n,CHEBI:88500
s_2970_vm,CHEBI:88500
s_2971_c,CHEBI:88527
s_2971_erm,CHEBI:88527
s_2971_gm,CHEBI:88527
s_2971_lp,CHEBI:88527
s_2971_mm,CHEBI:88527
s_2971_n,CHEBI:88527
s_2971_vm,CHEBI:88527
s_2972_c,CHEBI:75468
s_2972_erm,CHEBI:75468
s_2972_gm,CHEBI:75468
s_2972_lp,CHEBI:75468
s_2972_m,CHEBI:75468
s_2972_n,CHEBI:75468
s_2972_vm,CHEBI:75468
s_2973_c,CHEBI:89229
s_2973_erm,CHEBI:89229
s_2973_gm,CHEBI:89229
s_2973_lp,CHEBI:89229
s_2973_mm,CHEBI:89229
s_2973_n,CHEBI:89229
s_2973_vm,CHEBI:89229
s_2974_c,CHEBI:52333
s_2974_erm,CHEBI:52333
s_2974_gm,CHEBI:52333
s_2974_lp,CHEBI:52333
s_2974_m,CHEBI:52333
s_2974_n,CHEBI:52333
s_2974_vm,CHEBI:52333
s_3011_erm,CHEBI:85427
s_3011_lp,CHEBI:85427
s_3012_erm,CHEBI:89759
s_3012_lp,CHEBI:89759
s_3013_erm,"triglyceride (1-16:1, 2-16:1, 3-16:0)"
s_3013_lp,"triglyceride (1-16:1, 2-16:1, 3-16:0)"
s_3014_erm,"triglyceride (1-16:1, 2-18:1, 3-16:0)"
s_3014_lp,"triglyceride (1-16:1, 2-18:1, 3-16:0)"
s_3015_erm,"triglyceride (1-18:0, 2-16:1, 3-16:0)"
s_3015_lp,"triglyceride (1-18:0, 2-16:1, 3-16:0)"
s_3016_erm,CHEBI:89755
s_3016_lp,CHEBI:89755
s_3017_erm,"triglyceride (1-18:1, 2-16:1, 3-16:0)"
s_3017_lp,"triglyceride (1-18:1, 2-16:1, 3-16:0)"
s_3018_erm,CHEBI:88999
s_3018_lp,CHEBI:88999
s_3019_erm,CHEBI:89765
s_3019_lp,CHEBI:89765
s_3020_erm,"triglyceride (1-16:0, 2-18:1, 3-16:1)"
s_3020_lp,"triglyceride (1-16:0, 2-18:1, 3-16:1)"
s_3021_erm,CHEBI:75841
s_3021_lp,CHEBI:75841
s_3022_erm,"triglyceride (1-16:1, 2-18:1, 3-16:1)"
s_3022_lp,"triglyceride (1-16:1, 2-18:1, 3-16:1)"
s_3023_erm,CHEBI:90053
s_3023_lp,CHEBI:90053
s_3024_erm,"triglyceride (1-18:0, 2-18:1, 3-16:1)"
s_3024_lp,"triglyceride (1-18:0, 2-18:1, 3-16:1)"
s_3025_erm,"triglyceride (1-18:1, 2-16:1, 3-16:1)"
s_3025_lp,"triglyceride (1-18:1, 2-16:1, 3-16:1)"
s_3026_erm,"triglyceride (1-18:1, 2-18:1, 3-16:1)"
s_3026_lp,"triglyceride (1-18:1, 2-18:1, 3-16:1)"
s_3027_erm,CHEBI:89763
s_3027_lp,CHEBI:89763
s_3028_erm,CHEBI:88998
s_3028_lp,CHEBI:88998
s_3029_erm,"triglyceride (1-16:1, 2-16:1, 3-18:0)"
s_3029_lp,"triglyceride (1-16:1, 2-16:1, 3-18:0)"
s_3030_erm,"triglyceride (1-16:1, 2-18:1, 3-18:0)"
s_3030_lp,"triglyceride (1-16:1, 2-18:1, 3-18:0)"
s_3031_erm,CHEBI:89958
s_3031_lp,CHEBI:89958
s_3032_erm,CHEBI:90305
s_3032_lp,CHEBI:90305
s_3033_erm,"triglyceride (1-18:1, 2-16:1, 3-18:0)"
s_3033_lp,"triglyceride (1-18:1, 2-16:1, 3-18:0)"
s_3034_erm,"triglyceride (1-18:1, 2-18:1, 3-18:0)"
s_3034_lp,"triglyceride (1-18:1, 2-18:1, 3-18:0)"
s_3035_erm,"triglyceride (1-16:0, 2-16:1, 3-18:1)"
s_3035_lp,"triglyceride (1-16:0, 2-16:1, 3-18:1)"
s_3036_erm,"triglyceride (1-16:0, 2-18:1, 3-18:1)"
s_3036_lp,"triglyceride (1-16:0, 2-18:1, 3-18:1)"
s_3037_erm,CHEBI:90051
s_3037_lp,CHEBI:90051
s_3038_erm,CHEBI:90048
s_3038_lp,CHEBI:90048
s_3039_erm,"triglyceride (1-18:0, 2-16:1, 3-18:1)"
s_3039_lp,"triglyceride (1-18:0, 2-16:1, 3-18:1)"
s_3040_erm,"triglyceride (1-18:0, 2-18:1, 3-18:1)"
s_3040_lp,"triglyceride (1-18:0, 2-18:1, 3-18:1)"
s_3041_erm,CHEBI:88984
s_3041_lp,CHEBI:88984
s_3042_erm,CHEBI:88970
s_3042_lp,CHEBI:88970
s_3084_erm,"CDP-diacylglycerol (1-16:0, 2-16:1)"
s_3084_mm,"CDP-diacylglycerol (1-16:0, 2-16:1)"
s_3085_erm,CHEBI:104012
s_3085_mm,CHEBI:104012
s_3086_erm,"CDP-diacylglycerol (1-18:0, 2-16:1)"
s_3086_mm,"CDP-diacylglycerol (1-18:0, 2-16:1)"
s_3087_erm,"CDP-diacylglycerol (1-18:1, 2-16:1)"
s_3087_mm,"CDP-diacylglycerol (1-18:1, 2-16:1)"
s_3088_erm,C13892
s_3088_mm,C13892
s_3089_erm,"CDP-diacylglycerol (1-16:1, 2-18:1)"
s_3089_mm,"CDP-diacylglycerol (1-16:1, 2-18:1)"
s_3090_erm,"CDP-diacylglycerol (1-18:0, 2-18:1)"
s_3091_erm,CHEBI:104362
s_3109_ce,CHEBI:89824
s_3109_erm,CHEBI:89824
s_3109_gm,CHEBI:89824
s_3109_mm,CHEBI:89824
s_3109_vm,CHEBI:89824
s_3110_ce,"phosphatidyl-L-serine (1-16:1, 2-16:1)"
s_3110_erm,"phosphatidyl-L-serine (1-16:1, 2-16:1)"
s_3110_gm,"phosphatidyl-L-serine (1-16:1, 2-16:1)"
s_3110_mm,"phosphatidyl-L-serine (1-16:1, 2-16:1)"
s_3110_vm,"phosphatidyl-L-serine (1-16:1, 2-16:1)"
s_3111_ce,CHEBI:90036
s_3111_erm,CHEBI:90036
s_3111_gm,CHEBI:90036
s_3111_mm,CHEBI:90036
s_3111_vm,CHEBI:90036
s_3112_ce,CHEBI:75101
s_3112_erm,CHEBI:75101
s_3112_gm,CHEBI:75101
s_3112_mm,CHEBI:75101
s_3112_vm,CHEBI:75101
s_3113_ce,CHEBI:134541
s_3113_erm,CHEBI:134541
s_3113_gm,CHEBI:134541
s_3113_mm,CHEBI:134541
s_3113_vm,CHEBI:134541
s_3114_ce,CHEBI:90032
s_3114_erm,CHEBI:90032
s_3114_gm,CHEBI:90032
s_3114_mm,CHEBI:90032
s_3114_vm,CHEBI:90032
s_3115_ce,CHEBI:90433
s_3115_erm,CHEBI:90433
s_3115_gm,CHEBI:90433
s_3115_mm,CHEBI:90433
s_3115_vm,CHEBI:90433
s_3116_ce,CHEBI:60568
s_3116_erm,CHEBI:60568
s_3116_gm,CHEBI:60568
s_3116_mm,CHEBI:60568
s_3116_vm,CHEBI:60568
s_3118_c,CHEBI:88396
s_3118_ce,CHEBI:88396
s_3118_erm,CHEBI:88396
s_3118_gm,CHEBI:88396
s_3118_n,CHEBI:88396
s_3118_vm,CHEBI:88396
s_3119_c,"1-phosphatidyl-1D-myo-inositol (1-16:1, 2-16:1)"
s_3119_ce,"1-phosphatidyl-1D-myo-inositol (1-16:1, 2-16:1)"
s_3119_erm,"1-phosphatidyl-1D-myo-inositol (1-16:1, 2-16:1)"
s_3119_gm,"1-phosphatidyl-1D-myo-inositol (1-16:1, 2-16:1)"
s_3119_n,"1-phosphatidyl-1D-myo-inositol (1-16:1, 2-16:1)"
s_3119_vm,"1-phosphatidyl-1D-myo-inositol (1-16:1, 2-16:1)"
s_3120_c,CHEBI:88557
s_3120_ce,CHEBI:88557
s_3120_erm,CHEBI:88557
s_3120_gm,CHEBI:88557
s_3120_n,CHEBI:88557
s_3120_vm,CHEBI:88557
s_3121_c,CHEBI:88626
s_3121_ce,CHEBI:88626
s_3121_erm,CHEBI:88626
s_3121_gm,CHEBI:88626
s_3121_n,CHEBI:88626
s_3121_vm,CHEBI:88626
s_3122_c,C13888
s_3122_ce,C13888
s_3122_erm,C13888
s_3122_gm,C13888
s_3122_n,C13888
s_3122_vm,C13888
s_3123_c,CHEBI:88562
s_3123_ce,CHEBI:88562
s_3123_erm,CHEBI:88562
s_3123_gm,CHEBI:88562
s_3123_n,CHEBI:88562
s_3123_vm,CHEBI:88562
s_3124_c,CHEBI:77346
s_3124_ce,CHEBI:77346
s_3124_erm,CHEBI:77346
s_3124_gm,CHEBI:77346
s_3124_n,CHEBI:77346
s_3124_vm,CHEBI:77346
s_3125_c,CHEBI:88612
s_3125_ce,CHEBI:88612
s_3125_erm,CHEBI:88612
s_3125_gm,CHEBI:88612
s_3125_n,CHEBI:88612
s_3125_vm,CHEBI:88612
s_3126_erm,sn-2-acyl-1-lysophosphatidylinositol (16:1)
s_3127_erm,sn-2-acyl-1-lysophosphatidylinositol (18:1)
s_3130_ce,CHEBI:136147
s_3130_erm,CHEBI:136147
s_3130_gm,CHEBI:136147
s_3130_lp,CHEBI:136147
s_3130_mm,CHEBI:136147
s_3130_vm,CHEBI:136147
s_3132_ce,CHEBI:138792
s_3132_erm,CHEBI:138792
s_3132_gm,CHEBI:138792
s_3132_lp,CHEBI:138792
s_3132_mm,CHEBI:138792
s_3132_vm,CHEBI:138792
s_3134_ce,CHEBI:136155
s_3134_erm,CHEBI:136155
s_3134_gm,CHEBI:136155
s_3134_lp,CHEBI:136155
s_3134_mm,CHEBI:136155
s_3134_vm,CHEBI:136155
s_3136_ce,CHEBI:82837
s_3136_erm,CHEBI:82837
s_3136_gm,CHEBI:82837
s_3136_lp,CHEBI:82837
s_3136_mm,CHEBI:82837
s_3136_vm,CHEBI:82837
s_3138_ce,CHEBI:136148
s_3138_erm,CHEBI:136148
s_3138_gm,CHEBI:136148
s_3138_lp,CHEBI:136148
s_3138_mm,CHEBI:136148
s_3138_vm,CHEBI:136148
s_3140_ce,CHEBI:90464
s_3140_erm,CHEBI:90464
s_3140_gm,CHEBI:90464
s_3140_lp,CHEBI:90464
s_3140_mm,CHEBI:90464
s_3140_vm,CHEBI:90464
s_3142_ce,CHEBI:136162
s_3142_erm,CHEBI:136162
s_3142_gm,CHEBI:136162
s_3142_lp,CHEBI:136162
s_3142_mm,CHEBI:136162
s_3142_vm,CHEBI:136162
s_3144_ce,CHEBI:136170
s_3144_erm,CHEBI:136170
s_3144_gm,CHEBI:136170
s_3144_lp,CHEBI:136170
s_3144_mm,CHEBI:136170
s_3144_vm,CHEBI:136170
s_3184_erm,"phosphatidyl-N-methylethanolamine (1-16:0, 2-16:1)"
s_3186_erm,"phosphatidyl-N-methylethanolamine (1-16:1, 2-16:1)"
s_3188_erm,"phosphatidyl-N-methylethanolamine (1-18:0, 2-16:1)"
s_3190_erm,"phosphatidyl-N-methylethanolamine (1-18:1, 2-16:1)"
s_3192_erm,"phosphatidyl-N-methylethanolamine (1-16:0, 2-18:1)"
s_3194_erm,"phosphatidyl-N-methylethanolamine (1-16:1, 2-18:1)"
s_3196_erm,"phosphatidyl-N-methylethanolamine (1-18:0, 2-18:1)"
s_3198_erm,CHEBI:85962
s_3199_erm,"phosphatidyl-N,N-dimethylethanolamine (1-16:0, 2-16:1)"
s_3200_erm,"phosphatidyl-N,N-dimethylethanolamine (1-16:1, 2-16:1)"
s_3201_erm,"phosphatidyl-N,N-dimethylethanolamine (1-18:0, 2-16:1)"
s_3202_erm,"phosphatidyl-N,N-dimethylethanolamine (1-18:1, 2-16:1)"
s_3203_erm,"phosphatidyl-N,N-dimethylethanolamine (1-16:0, 2-18:1)"
s_3204_erm,"phosphatidyl-N,N-dimethylethanolamine (1-16:1, 2-18:1)"
s_3205_erm,"phosphatidyl-N,N-dimethylethanolamine (1-18:0, 2-18:1)"
s_3206_erm,CHEBI:85963
s_3207_ce,CHEBI:134592
s_3207_erm,CHEBI:134592
s_3207_lp,CHEBI:134592
s_3207_mm,CHEBI:134592
s_3208_ce,CHEBI:134637
s_3208_erm,CHEBI:134637
s_3208_lp,CHEBI:134637
s_3208_mm,CHEBI:134637
s_3209_ce,CHEBI:86097
s_3209_erm,CHEBI:86097
s_3209_lp,CHEBI:86097
s_3209_mm,CHEBI:86097
s_3210_ce,CHEBI:86100
s_3210_erm,CHEBI:86100
s_3210_lp,CHEBI:86100
s_3210_mm,CHEBI:86100
s_3211_ce,CHEBI:134594
s_3211_erm,CHEBI:134594
s_3211_lp,CHEBI:134594
s_3211_mm,CHEBI:134594
s_3212_ce,CHEBI:84811
s_3212_erm,CHEBI:84811
s_3212_lp,CHEBI:84811
s_3212_mm,CHEBI:84811
s_3213_ce,CHEBI:75034
s_3213_erm,CHEBI:75034
s_3213_lp,CHEBI:75034
s_3213_mm,CHEBI:75034
s_3214_ce,CHEBI:74669
s_3214_erm,CHEBI:74669
s_3214_lp,CHEBI:74669
s_3214_mm,CHEBI:74669
s_3220_mm,"3-(3-sn-phosphatidyl)-sn-glycerol 1-phosphate (1-16:0, 2-16:1)"
s_3221_mm,"3-(3-sn-phosphatidyl)-sn-glycerol 1-phosphate (1-16:1, 2-16:1)"
s_3222_mm,"3-(3-sn-phosphatidyl)-sn-glycerol 1-phosphate (1-18:0, 2-16:1)"
s_3223_mm,"3-(3-sn-phosphatidyl)-sn-glycerol 1-phosphate (1-18:1, 2-16:1)"
s_3224_mm,"3-(3-sn-phosphatidyl)-sn-glycerol 1-phosphate (1-16:0, 2-18:1)"
s_3225_mm,"3-(3-sn-phosphatidyl)-sn-glycerol 1-phosphate (1-16:1, 2-18:1)"
s_3227_mm,CHEBI:136224
s_3229_mm,"phosphatidylglycerol (1-16:1, 2-16:1)"
s_3230_mm,CHEBI:89270
s_3231_mm,CHEBI:89093
s_3232_mm,CHEBI:84472
s_3233_mm,CHEBI:89398
s_3234_mm,"cardiolipin (1-16:0, 2-16:1, 3-16:0, 4-16:1)"
s_3235_mm,"cardiolipin (1-16:0, 2-16:1, 3-16:1, 4-16:1)"
s_3236_mm,"cardiolipin (1-16:0, 2-16:1, 3-18:0, 4-16:1)"
s_3237_mm,"cardiolipin (1-16:0, 2-16:1, 3-18:1, 4-16:1)"
s_3238_mm,"cardiolipin (1-16:0, 2-16:1, 3-16:0, 4-18:1)"
s_3239_mm,"cardiolipin (1-16:0, 2-16:1, 3-16:1, 4-18:1)"
s_3240_mm,"cardiolipin (1-16:1, 2-16:1, 3-16:0, 4-16:1)"
s_3241_mm,CHEBI:104873
s_3242_mm,"cardiolipin (1-16:1, 2-16:1, 3-18:0, 4-16:1)"
s_3243_mm,"cardiolipin (1-16:1, 2-16:1, 3-18:1, 4-16:1)"
s_3244_mm,"cardiolipin (1-16:1, 2-16:1, 3-16:0, 4-18:1)"
s_3245_mm,"cardiolipin (1-16:1, 2-16:1, 3-16:1, 4-18:1)"
s_3246_mm,"cardiolipin (1-18:0, 2-16:1, 3-16:0, 4-16:1)"
s_3247_mm,"cardiolipin (1-18:0, 2-16:1, 3-16:1, 4-16:1)"
s_3248_mm,"cardiolipin (1-18:0, 2-16:1, 3-18:0, 4-16:1)"
s_3249_mm,"cardiolipin (1-18:0, 2-16:1, 3-18:1, 4-16:1)"
s_3250_mm,"cardiolipin (1-18:0, 2-16:1, 3-16:0, 4-18:1)"
s_3251_mm,"cardiolipin (1-18:0, 2-16:1, 3-16:1, 4-18:1)"
s_3252_mm,"cardiolipin (1-18:1, 2-16:1, 3-16:0, 4-16:1)"
s_3253_mm,"cardiolipin (1-18:1, 2-16:1, 3-16:1, 4-16:1)"
s_3254_mm,"cardiolipin (1-18:1, 2-16:1, 3-18:0, 4-16:1)"
s_3255_mm,"cardiolipin (1-18:1, 2-16:1, 3-18:1, 4-16:1)"
s_3256_mm,"cardiolipin (1-18:1, 2-16:1, 3-16:0, 4-18:1)"
s_3257_mm,"cardiolipin (1-18:1, 2-16:1, 3-16:1, 4-18:1)"
s_3258_mm,"cardiolipin (1-16:0, 2-18:1, 3-16:0, 4-16:1)"
s_3259_mm,"cardiolipin (1-16:0, 2-18:1, 3-16:1, 4-16:1)"
s_3260_mm,"cardiolipin (1-16:0, 2-18:1, 3-18:0, 4-16:1)"
s_3261_mm,"cardiolipin (1-16:0, 2-18:1, 3-18:1, 4-16:1)"
s_3262_mm,"cardiolipin (1-16:0, 2-18:1, 3-16:0, 4-18:1)"
s_3263_mm,"cardiolipin (1-16:0, 2-18:1, 3-16:1, 4-18:1)"
s_3264_mm,"cardiolipin (1-16:1, 2-18:1, 3-16:0, 4-16:1)"
s_3265_mm,"cardiolipin (1-16:1, 2-18:1, 3-16:1, 4-16:1)"
s_3266_mm,"cardiolipin (1-16:1, 2-18:1, 3-18:0, 4-16:1)"
s_3267_mm,"cardiolipin (1-16:1, 2-18:1, 3-18:1, 4-16:1)"
s_3268_mm,"cardiolipin (1-16:1, 2-18:1, 3-16:0, 4-18:1)"
s_3269_mm,"cardiolipin (1-16:1, 2-18:1, 3-16:1, 4-18:1)"
s_3270_mm,"monolysocardiolipin (2-16:1, 3-16:0, 4-16:1)"
s_3272_mm,"monolysocardiolipin (2-16:1, 3-16:1, 4-16:1)"
s_3273_mm,"monolysocardiolipin (2-16:1, 3-18:0, 4-16:1)"
s_3274_mm,"monolysocardiolipin (2-16:1, 3-18:1, 4-16:1)"
s_3275_mm,"monolysocardiolipin (2-16:1, 3-16:0, 4-18:1)"
s_3276_mm,"monolysocardiolipin (2-16:1, 3-16:1, 4-18:1)"
s_3278_mm,"monolysocardiolipin (2-18:1, 3-16:0, 4-16:1)"
s_3279_mm,"monolysocardiolipin (2-18:1, 3-16:1, 4-16:1)"
s_3280_mm,"monolysocardiolipin (2-18:1, 3-18:0, 4-16:1)"
s_3281_mm,"monolysocardiolipin (2-18:1, 3-18:1, 4-16:1)"
s_3282_mm,"monolysocardiolipin (2-18:1, 3-16:0, 4-18:1)"
s_3283_mm,"monolysocardiolipin (2-18:1, 3-16:1, 4-18:1)"
s_3284_mm,"monolysocardiolipin (1-16:0, 2-16:1, 4-16:1)"
s_3285_mm,"monolysocardiolipin (1-16:0, 2-16:1, 4-18:1)"
s_3286_mm,"monolysocardiolipin (1-16:1, 2-16:1, 4-16:1)"
s_3287_mm,"monolysocardiolipin (1-16:1, 2-16:1, 4-18:1)"
s_3288_mm,"monolysocardiolipin (1-18:0, 2-16:1, 4-16:1)"
s_3289_mm,"monolysocardiolipin (1-18:0, 2-16:1, 4-18:1)"
s_3290_mm,"monolysocardiolipin (1-18:1, 2-16:1, 4-16:1)"
s_3291_mm,"monolysocardiolipin (1-18:1, 2-16:1, 4-18:1)"
s_3292_mm,"monolysocardiolipin (1-16:0, 2-18:1, 4-16:1)"
s_3293_mm,"monolysocardiolipin (1-16:0, 2-18:1, 4-18:1)"
s_3294_mm,"monolysocardiolipin (1-16:1, 2-18:1, 4-16:1)"
s_3295_mm,"monolysocardiolipin (1-16:1, 2-18:1, 4-18:1)"
s_3297_ce,1-acylglycerophosphocholine (16:0)
s_3297_erm,1-acylglycerophosphocholine (16:0)
s_3297_lp,1-acylglycerophosphocholine (16:0)
s_3297_mm,1-acylglycerophosphocholine (16:0)
s_3299_ce,1-acylglycerophosphocholine (16:1)
s_3299_erm,1-acylglycerophosphocholine (16:1)
s_3299_lp,1-acylglycerophosphocholine (16:1)
s_3299_mm,1-acylglycerophosphocholine (16:1)
s_3301_ce,1-acylglycerophosphocholine (18:0)
s_3301_erm,1-acylglycerophosphocholine (18:0)
s_3301_lp,1-acylglycerophosphocholine (18:0)
s_3301_mm,1-acylglycerophosphocholine (18:0)
s_3303_ce,1-acylglycerophosphocholine (18:1)
s_3303_erm,1-acylglycerophosphocholine (18:1)
s_3303_lp,1-acylglycerophosphocholine (18:1)
s_3303_mm,1-acylglycerophosphocholine (18:1)
s_3308_mm,"cardiolipin (1-18:1, 2-18:1, 3-16:0, 4-16:1)"
s_3309_mm,"cardiolipin (1-18:1, 2-18:1, 3-16:1, 4-16:1)"
s_3310_mm,"cardiolipin (1-18:1, 2-18:1, 3-18:0, 4-16:1)"
s_3311_mm,"cardiolipin (1-18:1, 2-18:1, 3-18:1, 4-16:1)"
s_3312_mm,"cardiolipin (1-18:1, 2-18:1, 3-16:0, 4-18:1)"
s_3313_mm,"cardiolipin (1-18:1, 2-18:1, 3-16:1, 4-18:1)"
s_3314_mm,"cardiolipin (1-16:0, 2-16:1, 3-18:1, 4-18:1)"
s_3315_mm,"cardiolipin (1-16:1, 2-16:1, 3-18:1, 4-18:1)"
s_3316_mm,"cardiolipin (1-18:0, 2-16:1, 3-18:1, 4-18:1)"
s_3317_mm,"cardiolipin (1-18:1, 2-16:1, 3-18:1, 4-18:1)"
s_3318_mm,"cardiolipin (1-16:0, 2-18:1, 3-18:1, 4-18:1)"
s_3319_mm,"cardiolipin (1-16:1, 2-18:1, 3-18:1, 4-18:1)"
s_3325_c,"1-phosphatidyl-1D-myo-inositol 4-phosphate (1-16:0, 2-16:1)"
s_3325_ce,"1-phosphatidyl-1D-myo-inositol 4-phosphate (1-16:0, 2-16:1)"
s_3325_erm,"1-phosphatidyl-1D-myo-inositol 4-phosphate (1-16:0, 2-16:1)"
s_3325_gm,"1-phosphatidyl-1D-myo-inositol 4-phosphate (1-16:0, 2-16:1)"
s_3325_n,"1-phosphatidyl-1D-myo-inositol 4-phosphate (1-16:0, 2-16:1)"
s_3325_vm,"1-phosphatidyl-1D-myo-inositol 4-phosphate (1-16:0, 2-16:1)"
s_3327_c,"1-phosphatidyl-1D-myo-inositol 4-phosphate (1-16:1, 2-16:1)"
s_3327_ce,"1-phosphatidyl-1D-myo-inositol 4-phosphate (1-16:1, 2-16:1)"
s_3327_erm,"1-phosphatidyl-1D-myo-inositol 4-phosphate (1-16:1, 2-16:1)"
s_3327_gm,"1-phosphatidyl-1D-myo-inositol 4-phosphate (1-16:1, 2-16:1)"
s_3327_n,"1-phosphatidyl-1D-myo-inositol 4-phosphate (1-16:1, 2-16:1)"
s_3327_vm,"1-phosphatidyl-1D-myo-inositol 4-phosphate (1-16:1, 2-16:1)"
s_3329_c,"1-phosphatidyl-1D-myo-inositol 4-phosphate (1-18:0, 2-16:1)"
s_3329_ce,"1-phosphatidyl-1D-myo-inositol 4-phosphate (1-18:0, 2-16:1)"
s_3329_erm,"1-phosphatidyl-1D-myo-inositol 4-phosphate (1-18:0, 2-16:1)"
s_3329_gm,"1-phosphatidyl-1D-myo-inositol 4-phosphate (1-18:0, 2-16:1)"
s_3329_n,"1-phosphatidyl-1D-myo-inositol 4-phosphate (1-18:0, 2-16:1)"
s_3329_vm,"1-phosphatidyl-1D-myo-inositol 4-phosphate (1-18:0, 2-16:1)"
s_3331_c,"1-phosphatidyl-1D-myo-inositol 4-phosphate (1-18:1, 2-16:1)"
s_3331_ce,"1-phosphatidyl-1D-myo-inositol 4-phosphate (1-18:1, 2-16:1)"
s_3331_erm,"1-phosphatidyl-1D-myo-inositol 4-phosphate (1-18:1, 2-16:1)"
s_3331_gm,"1-phosphatidyl-1D-myo-inositol 4-phosphate (1-18:1, 2-16:1)"
s_3331_n,"1-phosphatidyl-1D-myo-inositol 4-phosphate (1-18:1, 2-16:1)"
s_3331_vm,"1-phosphatidyl-1D-myo-inositol 4-phosphate (1-18:1, 2-16:1)"
s_3333_c,"1-phosphatidyl-1D-myo-inositol 4-phosphate (1-16:0, 2-18:1)"
s_3333_ce,"1-phosphatidyl-1D-myo-inositol 4-phosphate (1-16:0, 2-18:1)"
s_3333_erm,"1-phosphatidyl-1D-myo-inositol 4-phosphate (1-16:0, 2-18:1)"
s_3333_gm,"1-phosphatidyl-1D-myo-inositol 4-phosphate (1-16:0, 2-18:1)"
s_3333_n,"1-phosphatidyl-1D-myo-inositol 4-phosphate (1-16:0, 2-18:1)"
s_3333_vm,"1-phosphatidyl-1D-myo-inositol 4-phosphate (1-16:0, 2-18:1)"
s_3335_c,"1-phosphatidyl-1D-myo-inositol 4-phosphate (1-16:1, 2-18:1)"
s_3335_ce,"1-phosphatidyl-1D-myo-inositol 4-phosphate (1-16:1, 2-18:1)"
s_3335_erm,"1-phosphatidyl-1D-myo-inositol 4-phosphate (1-16:1, 2-18:1)"
s_3335_gm,"1-phosphatidyl-1D-myo-inositol 4-phosphate (1-16:1, 2-18:1)"
s_3335_n,"1-phosphatidyl-1D-myo-inositol 4-phosphate (1-16:1, 2-18:1)"
s_3335_vm,"1-phosphatidyl-1D-myo-inositol 4-phosphate (1-16:1, 2-18:1)"
s_3337_c,CHEBI:77277
s_3337_ce,CHEBI:77277
s_3337_erm,CHEBI:77277
s_3337_gm,CHEBI:77277
s_3337_n,CHEBI:77277
s_3337_vm,CHEBI:77277
s_3339_c,"1-phosphatidyl-1D-myo-inositol 4-phosphate (1-18:1, 2-18:1)"
s_3339_ce,"1-phosphatidyl-1D-myo-inositol 4-phosphate (1-18:1, 2-18:1)"
s_3339_erm,"1-phosphatidyl-1D-myo-inositol 4-phosphate (1-18:1, 2-18:1)"
s_3339_gm,"1-phosphatidyl-1D-myo-inositol 4-phosphate (1-18:1, 2-18:1)"
s_3339_n,"1-phosphatidyl-1D-myo-inositol 4-phosphate (1-18:1, 2-18:1)"
s_3339_vm,"1-phosphatidyl-1D-myo-inositol 4-phosphate (1-18:1, 2-18:1)"
s_3392_c,"1-phosphatidyl-1D-myo-inositol 3-phosphate (1-16:0, 2-16:1)"
s_3392_ce,"1-phosphatidyl-1D-myo-inositol 3-phosphate (1-16:0, 2-16:1)"
s_3392_erm,"1-phosphatidyl-1D-myo-inositol 3-phosphate (1-16:0, 2-16:1)"
s_3392_gm,"1-phosphatidyl-1D-myo-inositol 3-phosphate (1-16:0, 2-16:1)"
s_3392_vm,"1-phosphatidyl-1D-myo-inositol 3-phosphate (1-16:0, 2-16:1)"
s_3393_c,"1-phosphatidyl-1D-myo-inositol 3-phosphate (1-16:1, 2-16:1)"
s_3393_ce,"1-phosphatidyl-1D-myo-inositol 3-phosphate (1-16:1, 2-16:1)"
s_3393_erm,"1-phosphatidyl-1D-myo-inositol 3-phosphate (1-16:1, 2-16:1)"
s_3393_gm,"1-phosphatidyl-1D-myo-inositol 3-phosphate (1-16:1, 2-16:1)"
s_3393_vm,"1-phosphatidyl-1D-myo-inositol 3-phosphate (1-16:1, 2-16:1)"
s_3394_c,"1-phosphatidyl-1D-myo-inositol 3-phosphate (1-18:0, 2-16:1)"
s_3394_ce,"1-phosphatidyl-1D-myo-inositol 3-phosphate (1-18:0, 2-16:1)"
s_3394_erm,"1-phosphatidyl-1D-myo-inositol 3-phosphate (1-18:0, 2-16:1)"
s_3394_gm,"1-phosphatidyl-1D-myo-inositol 3-phosphate (1-18:0, 2-16:1)"
s_3394_vm,"1-phosphatidyl-1D-myo-inositol 3-phosphate (1-18:0, 2-16:1)"
s_3395_c,"1-phosphatidyl-1D-myo-inositol 3-phosphate (1-18:1, 2-16:1)"
s_3395_ce,"1-phosphatidyl-1D-myo-inositol 3-phosphate (1-18:1, 2-16:1)"
s_3395_erm,"1-phosphatidyl-1D-myo-inositol 3-phosphate (1-18:1, 2-16:1)"
s_3395_gm,"1-phosphatidyl-1D-myo-inositol 3-phosphate (1-18:1, 2-16:1)"
s_3395_vm,"1-phosphatidyl-1D-myo-inositol 3-phosphate (1-18:1, 2-16:1)"
s_3396_c,"1-phosphatidyl-1D-myo-inositol 3-phosphate (1-16:0, 2-18:1)"
s_3396_ce,"1-phosphatidyl-1D-myo-inositol 3-phosphate (1-16:0, 2-18:1)"
s_3396_erm,"1-phosphatidyl-1D-myo-inositol 3-phosphate (1-16:0, 2-18:1)"
s_3396_gm,"1-phosphatidyl-1D-myo-inositol 3-phosphate (1-16:0, 2-18:1)"
s_3396_vm,"1-phosphatidyl-1D-myo-inositol 3-phosphate (1-16:0, 2-18:1)"
s_3397_c,"1-phosphatidyl-1D-myo-inositol 3-phosphate (1-16:1, 2-18:1)"
s_3397_ce,"1-phosphatidyl-1D-myo-inositol 3-phosphate (1-16:1, 2-18:1)"
s_3397_erm,"1-phosphatidyl-1D-myo-inositol 3-phosphate (1-16:1, 2-18:1)"
s_3397_gm,"1-phosphatidyl-1D-myo-inositol 3-phosphate (1-16:1, 2-18:1)"
s_3397_vm,"1-phosphatidyl-1D-myo-inositol 3-phosphate (1-16:1, 2-18:1)"
s_3398_c,CHEBI:77347
s_3398_ce,CHEBI:77347
s_3398_erm,CHEBI:77347
s_3398_gm,CHEBI:77347
s_3398_vm,CHEBI:77347
s_3399_c,CHEBI:77344
s_3399_ce,CHEBI:77344
s_3399_erm,CHEBI:77344
s_3399_gm,CHEBI:77344
s_3399_vm,CHEBI:77344
s_3400_c,"1-phosphatidyl-1D-myo-inositol 4,5-bisphosphate (1-16:0, 2-16:1)"
s_3400_ce,"1-phosphatidyl-1D-myo-inositol 4,5-bisphosphate (1-16:0, 2-16:1)"
s_3400_erm,"1-phosphatidyl-1D-myo-inositol 4,5-bisphosphate (1-16:0, 2-16:1)"
s_3400_n,"1-phosphatidyl-1D-myo-inositol 4,5-bisphosphate (1-16:0, 2-16:1)"
s_3401_c,"1-phosphatidyl-1D-myo-inositol 4,5-bisphosphate (1-16:1, 2-16:1)"
s_3401_ce,"1-phosphatidyl-1D-myo-inositol 4,5-bisphosphate (1-16:1, 2-16:1)"
s_3401_erm,"1-phosphatidyl-1D-myo-inositol 4,5-bisphosphate (1-16:1, 2-16:1)"
s_3401_n,"1-phosphatidyl-1D-myo-inositol 4,5-bisphosphate (1-16:1, 2-16:1)"
s_3402_c,"1-phosphatidyl-1D-myo-inositol 4,5-bisphosphate (1-18:0, 2-16:1)"
s_3402_ce,"1-phosphatidyl-1D-myo-inositol 4,5-bisphosphate (1-18:0, 2-16:1)"
s_3402_erm,"1-phosphatidyl-1D-myo-inositol 4,5-bisphosphate (1-18:0, 2-16:1)"
s_3402_n,"1-phosphatidyl-1D-myo-inositol 4,5-bisphosphate (1-18:0, 2-16:1)"
s_3403_c,"1-phosphatidyl-1D-myo-inositol 4,5-bisphosphate (1-18:1, 2-16:1)"
s_3403_ce,"1-phosphatidyl-1D-myo-inositol 4,5-bisphosphate (1-18:1, 2-16:1)"
s_3403_erm,"1-phosphatidyl-1D-myo-inositol 4,5-bisphosphate (1-18:1, 2-16:1)"
s_3403_n,"1-phosphatidyl-1D-myo-inositol 4,5-bisphosphate (1-18:1, 2-16:1)"
s_3404_c,"1-phosphatidyl-1D-myo-inositol 4,5-bisphosphate (1-16:0, 2-18:1)"
s_3404_ce,"1-phosphatidyl-1D-myo-inositol 4,5-bisphosphate (1-16:0, 2-18:1)"
s_3404_erm,"1-phosphatidyl-1D-myo-inositol 4,5-bisphosphate (1-16:0, 2-18:1)"
s_3404_n,"1-phosphatidyl-1D-myo-inositol 4,5-bisphosphate (1-16:0, 2-18:1)"
s_3405_c,"1-phosphatidyl-1D-myo-inositol 4,5-bisphosphate (1-16:1, 2-18:1)"
s_3405_ce,"1-phosphatidyl-1D-myo-inositol 4,5-bisphosphate (1-16:1, 2-18:1)"
s_3405_erm,"1-phosphatidyl-1D-myo-inositol 4,5-bisphosphate (1-16:1, 2-18:1)"
s_3405_n,"1-phosphatidyl-1D-myo-inositol 4,5-bisphosphate (1-16:1, 2-18:1)"
s_3406_c,CHEBI:77279
s_3406_ce,CHEBI:77279
s_3406_erm,CHEBI:77279
s_3406_n,CHEBI:77279
s_3407_c,"1-phosphatidyl-1D-myo-inositol 4,5-bisphosphate (1-18:1, 2-18:1)"
s_3407_ce,"1-phosphatidyl-1D-myo-inositol 4,5-bisphosphate (1-18:1, 2-18:1)"
s_3407_erm,"1-phosphatidyl-1D-myo-inositol 4,5-bisphosphate (1-18:1, 2-18:1)"
s_3407_n,"1-phosphatidyl-1D-myo-inositol 4,5-bisphosphate (1-18:1, 2-18:1)"
s_3416_c,"1-phosphatidyl-1D-myo-inositol 3,5-bisphosphate (1-16:0, 2-16:1)"
s_3416_ce,"1-phosphatidyl-1D-myo-inositol 3,5-bisphosphate (1-16:0, 2-16:1)"
s_3416_vm,"1-phosphatidyl-1D-myo-inositol 3,5-bisphosphate (1-16:0, 2-16:1)"
s_3417_c,"1-phosphatidyl-1D-myo-inositol 3,5-bisphosphate (1-16:1, 2-16:1)"
s_3417_ce,"1-phosphatidyl-1D-myo-inositol 3,5-bisphosphate (1-16:1, 2-16:1)"
s_3417_vm,"1-phosphatidyl-1D-myo-inositol 3,5-bisphosphate (1-16:1, 2-16:1)"
s_3418_c,"1-phosphatidyl-1D-myo-inositol 3,5-bisphosphate (1-18:0, 2-16:1)"
s_3418_ce,"1-phosphatidyl-1D-myo-inositol 3,5-bisphosphate (1-18:0, 2-16:1)"
s_3418_vm,"1-phosphatidyl-1D-myo-inositol 3,5-bisphosphate (1-18:0, 2-16:1)"
s_3419_c,"1-phosphatidyl-1D-myo-inositol 3,5-bisphosphate (1-18:1, 2-16:1)"
s_3419_ce,"1-phosphatidyl-1D-myo-inositol 3,5-bisphosphate (1-18:1, 2-16:1)"
s_3419_vm,"1-phosphatidyl-1D-myo-inositol 3,5-bisphosphate (1-18:1, 2-16:1)"
s_3420_c,"1-phosphatidyl-1D-myo-inositol 3,5-bisphosphate (1-16:0, 2-18:1)"
s_3420_ce,"1-phosphatidyl-1D-myo-inositol 3,5-bisphosphate (1-16:0, 2-18:1)"
s_3420_vm,"1-phosphatidyl-1D-myo-inositol 3,5-bisphosphate (1-16:0, 2-18:1)"
s_3421_c,"1-phosphatidyl-1D-myo-inositol 3,5-bisphosphate (1-16:1, 2-18:1)"
s_3421_ce,"1-phosphatidyl-1D-myo-inositol 3,5-bisphosphate (1-16:1, 2-18:1)"
s_3421_vm,"1-phosphatidyl-1D-myo-inositol 3,5-bisphosphate (1-16:1, 2-18:1)"
s_3422_c,"1-phosphatidyl-1D-myo-inositol 3,5-bisphosphate (1-18:0, 2-18:1)"
s_3422_ce,"1-phosphatidyl-1D-myo-inositol 3,5-bisphosphate (1-18:0, 2-18:1)"
s_3422_vm,"1-phosphatidyl-1D-myo-inositol 3,5-bisphosphate (1-18:0, 2-18:1)"
s_3423_c,"1-phosphatidyl-1D-myo-inositol 3,5-bisphosphate (1-18:1, 2-18:1)"
s_3423_ce,"1-phosphatidyl-1D-myo-inositol 3,5-bisphosphate (1-18:1, 2-18:1)"
s_3423_vm,"1-phosphatidyl-1D-myo-inositol 3,5-bisphosphate (1-18:1, 2-18:1)"
s_3424_ce,CHEBI:90452
s_3424_erm,CHEBI:90452
s_3424_lp,CHEBI:90452
s_3425_ce,1-acylglycerophosphoethanolamine (16:1)
s_3425_erm,1-acylglycerophosphoethanolamine (16:1)
s_3425_lp,1-acylglycerophosphoethanolamine (16:1)
s_3426_ce,CHEBI:64576
s_3426_erm,CHEBI:64576
s_3426_lp,CHEBI:64576
s_3427_ce,CHEBI:64575
s_3427_erm,CHEBI:64575
s_3427_lp,CHEBI:64575
s_3433_erm,CHEBI:52375
s_3433_lp,CHEBI:52375
s_3434_erm,CHEBI:52376
s_3434_lp,CHEBI:52376
s_3436_erm,CHEBI:52379
s_3436_lp,CHEBI:52379
s_3437_erm,CHEBI:52380
s_3437_lp,CHEBI:52380
s_3439_erm,CHEBI:52382
s_3439_lp,CHEBI:52382
s_3440_erm,CHEBI:52383
s_3440_lp,CHEBI:52383
s_3442_erm,CHEBI:52377
s_3442_lp,CHEBI:52377
s_3443_erm,CHEBI:52378
s_3443_lp,CHEBI:52378
s_3445_ce,CHEBI:52384
s_3445_erm,CHEBI:52384
s_3445_lp,CHEBI:52384
s_3446_ce,CHEBI:52385
s_3446_erm,CHEBI:52385
s_3446_lp,CHEBI:52385
s_3477_ce,C01233
s_3479_ce,1-acylglycerophosphoserine (16:0)
s_3481_ce,1-acylglycerophosphoserine (16:1)
s_3483_ce,1-acylglycerophosphoserine (18:0)
s_3485_ce,1-acylglycerophosphoserine (18:1)
s_3490_ce,CHEBI:64945
s_3491_ce,CHEBI:73218
s_3492_ce,CHEBI:138108
s_3493_ce,CHEBI:83054
s_3494_ce,CHEBI:82753
s_3616_gm,"1,2-diacylglycerol 3-diphosphate (1-16:0, 2-16:1)"
s_3616_vm,"1,2-diacylglycerol 3-diphosphate (1-16:0, 2-16:1)"
s_3617_gm,"1,2-diacylglycerol 3-diphosphate (1-16:1, 2-16:1)"
s_3617_vm,"1,2-diacylglycerol 3-diphosphate (1-16:1, 2-16:1)"
s_3618_gm,"1,2-diacylglycerol 3-diphosphate (1-18:0, 2-16:1)"
s_3618_vm,"1,2-diacylglycerol 3-diphosphate (1-18:0, 2-16:1)"
s_3619_gm,"1,2-diacylglycerol 3-diphosphate (1-18:1, 2-16:1)"
s_3619_vm,"1,2-diacylglycerol 3-diphosphate (1-18:1, 2-16:1)"
s_3620_gm,C13890
s_3620_vm,C13890
s_3621_gm,"1,2-diacylglycerol 3-diphosphate (1-16:1, 2-18:1)"
s_3621_vm,"1,2-diacylglycerol 3-diphosphate (1-16:1, 2-18:1)"
s_3622_gm,"1,2-diacylglycerol 3-diphosphate (1-18:0, 2-18:1)"
s_3622_vm,"1,2-diacylglycerol 3-diphosphate (1-18:0, 2-18:1)"
s_3623_gm,"1,2-diacylglycerol 3-diphosphate (1-18:1, 2-18:1)"
s_3623_vm,"1,2-diacylglycerol 3-diphosphate (1-18:1, 2-18:1)"
s_3633_c,CHEBI:134127
s_3633_gm,CHEBI:134127
s_3633_lp,CHEBI:134127
s_3633_m,CHEBI:134127
s_3633_vm,CHEBI:134127
s_3635_c,CHEBI:134128
s_3635_gm,CHEBI:134128
s_3635_lp,CHEBI:134128
s_3635_m,CHEBI:134128
s_3635_vm,CHEBI:134128
s_3637_c,CHEBI:134129
s_3637_gm,CHEBI:134129
s_3637_lp,CHEBI:134129
s_3637_m,CHEBI:134129
s_3637_vm,CHEBI:134129
s_3639_c,CHEBI:134130
s_3639_gm,CHEBI:134130
s_3639_lp,CHEBI:134130
s_3639_m,CHEBI:134130
s_3639_vm,CHEBI:134130
s_3715_c,C00492
s_3715_e,C00492
s_3716_e,C05402
s_3718_c,MNXM1434
s_3721_c,ceramide backbone
s_3721_g,ceramide backbone
s_3726_c,long-chain base backbone
s_3726_er,long-chain base backbone
s_3728_c,long-chain base phosphate backbone
s_3728_er,long-chain base phosphate backbone
s_3730_c,phosphatidate backbone
s_3730_erm,phosphatidate backbone
s_3734_c,sn-2-acyl-1-lysophosphatidylinositol backbone
s_3734_erm,sn-2-acyl-1-lysophosphatidylinositol backbone
s_3736_c,phosphatidylglycerol backbone
s_3736_mm,phosphatidylglycerol backbone
s_3738_c,cardiolipin backbone
s_3738_mm,cardiolipin backbone
s_3740_c,C16:0 chain
s_3741_c,C16:1 chain
s_3742_c,C18:0 chain
s_3743_c,C18:1 chain
s_3744_c,C24:0 chain
s_3745_c,C26:0 chain
s_3746_c,lipid backbone
s_3747_c,lipid chain
s_3748_m,C00524
s_3749_m,C02248
s_3750_c,C00741
s_3750_n,C00741
s_3754_m,C06112
s_3757_c,CHEBI:73610
s_3757_e,CHEBI:73610
s_3757_v,CHEBI:73610
s_3760_c,CHEBI:58753
s_3762_c,C00472
s_3763_c,CHEBI:17977
s_3765_er,C04500
s_3767_er,"N,N'-Chitobiosyldiphosphodolichol"
s_3768_c,CHEBI:78346
s_3769_p,C00209
s_3770_p,C00313
s_3771_er,G00171
s_3773_er,G00010
s_3774_er,G00011
s_3777_c,C00698
s_3777_e,C00698
s_3777_g,C00698
s_3777_v,C00698
s_3782_c,CHEBI:48775
s_3782_e,CHEBI:48775
s_3784_m,(sulfur carrier)-H
s_3786_m,(sulfur carrier)-SH
s_3787_er,C00187
s_3787_erm,C00187
s_3789_c,3-chlorobenzyl alcohol
s_3790_c,3-chlorobenzaldehyde
s_3791_c,C03351
s_3792_c,C03067
s_3793_c,C07216
s_3794_c,C07209
s_3795_c,CHEBI:27628
s_3796_c,C06577
s_3797_c,C06757
s_3798_c,C06758
s_3799_c,C00556
s_3800_c,C00261
s_3801_c,C19610
s_3801_e,C19610
s_3801_er,C19610
s_3805_c,C00392
s_3806_c,C06033
s_3807_c,C15999
s_3810_c,C01879
s_3811_m,C15522
s_3812_m,C00268
s_3813_c,C00704
s_3813_m,C00704
s_3814_c,C06369
s_3815_c,C00586
s_3816_c,CHEBI:29969
s_3816_n,CHEBI:29969
s_3817_c,CHEBI:61929
s_3817_n,CHEBI:61929
s_3822_c,C00038
s_3822_e,C00038
s_3822_er,C00038
s_3822_m,C00038
s_3822_v,C00038
s_3824_er,C00996
s_3824_m,C00996
s_3825_er,C00999
s_3825_m,C00999
s_3828_c,C20227
s_3829_c,C20226
s_3830_c,C01322
s_3830_er,C01322
s_3830_m,C01322
s_3830_p,C01322
s_3832_c,C00462
s_3832_er,C00462
s_3832_m,C00462
s_3832_p,C00462
s_3833_c,C02320
s_3833_er,C02320
s_3833_m,C02320
s_3833_p,C02320
s_3837_c,C02989
s_3837_e,C02989
s_3838_c,CHEBI:73757
s_3838_e,CHEBI:73757
s_3838_v,CHEBI:73757
s_3840_c,CHEBI:73770
s_3840_e,CHEBI:73770
s_3840_v,CHEBI:73770
s_3841_c,C11511
s_3846_c,C05422
s_3846_p,C05422
s_3847_c,C00072
s_3847_p,C00072
s_3851_c,C01566
s_3852_c,C00117
s_3853_c,C05729
s_3854_c,C05726
s_3855_e,C14819
s_3855_m,C14819
s_3855_v,C14819
s_3856_c,Glycyl-tRNA(Ala)
s_3857_c,D-tyrosyl-tRNA(Tyr)
s_3858_c,C06420
s_3859_c,C03360
s_3860_c,C00870
s_3861_c,C01507
s_3862_c,C00984
s_3863_m,C04047
s_3864_m,C01188
s_3865_c,C00370
s_3865_e,C00370
s_3867_c,C02505
s_3868_c,C02693
s_3869_c,C03620
s_3870_c,C00060
s_3871_c,C00511
s_3872_c,C01659
s_3873_c,C09815
s_3874_c,C00180
s_3875_c,C00257
s_3876_c,C04506
s_3877_c,C04748
s_3879_er,CHEBI:57265
s_3880_c,C00076
s_3880_e,C00076
s_3880_g,C00076
s_3880_v,C00076
s_3884_c,C00017
s_3885_c,C16739
s_3886_er,C03021
s_3887_er,G00008
s_3888_er,CHEBI:57497
s_3889_er,CHEBI:132537
s_3891_er,G10694
s_3893_er,G01813
s_3894_er,G00003
s_3895_er,G00004
s_3896_er,G00005
s_3897_v,C16699
s_3899_c,C00258
s_3899_v,C00258
s_3900_v,C02603
s_3901_v,C00936
s_3902_v,non glycosylated sugar acceptor
s_3903_c,C20641
s_3904_c,C00740
s_3907_er,C00416
s_3907_m,C00416
s_3908_m,C00269
s_3909_c,C17023
s_3909_m,C17023
s_3910_c,C20784
s_3911_er,C01246
s_3912_er,G10599
s_3913_c,C00533
s_3914_c,C00244
s_3915_c,C16241
s_3916_c,C16238
s_3917_c,C16240
s_3917_m,C16240
s_3918_c,C16237
s_3918_m,C16237
s_3923_c,CHEBI:138256
s_3923_m,CHEBI:138256
s_3927_c,C03802
s_3928_c,CHEBI:58043
s_3929_c,C00677
s_3930_c,C00676
s_3932_er,G00012
s_3934_c,C18091
s_3935_c,C00088
s_3937_er,C00040
s_3938_er,C00681
s_3940_c,C01573
s_3941_c,C02872
s_3942_p,C19967
s_3943_p,C19968
s_3945_m,C16236
s_3946_m,C16239
s_3948_c,C05345
s_3949_c,C00221
s_3950_c,C01172
s_3951_c,C00267
s_3952_c,C00668
s_3953_c,C00329
s_3953_e,C00329
s_3954_c,C02336
s_3959_c,C05985
s_3960_c,C00804
s_3961_c,C02670
s_3962_c,C00818
s_3963_c,C01149
s_3964_c,C01181
s_3965_c,C06002
s_3966_c,C02170
s_3967_c,C05130
s_3968_c,C02835
s_3969_c,C05445
s_3970_c,C04554
s_3971_c,C05634
s_3972_c,C05635
s_3973_c,C05936
s_3974_c,C02946
s_3975_c,C06613
s_3976_c,C06614
s_3977_c,C16348
s_3978_c,C06615
s_3979_c,C06754
s_3980_c,C06755
s_3981_c,C02576
s_3982_c,C11924
s_3983_c,C03461
s_3984_c,C16502
s_3985_erm,C00865
s_3985_gm,C00865
s_3988_c,CHEBI:75757
s_3989_er,CHEBI:132511
s_3990_er,CHEBI:132515
s_3991_c,C00386
s_3992_c,C01262
s_3993_er,G10595
s_3994_er,G10596
s_3995_er,G10597
s_3996_er,G00007
s_3997_c,C00160
s_3999_c,C00252
s_4000_c,C00721
s_4001_er,G10598
s_4002_er,G00149
s_4003_er,G00140
s_4005_m,C05198
s_4006_m,S-sulfanyl-[L-cysteine desulfurase]
s_4007_m,[disordered-form [Fe-S] cluster scaffold protein]
s_4008_m,S-sulfanyl-[cysteine desulfurase]-[disordered-form scaffold protein] complex
s_4009_m,C01326
s_4010_c,C00320
s_4010_e,C00320
s_4010_m,C00320
s_4012_m,C01755
s_4013_c,C00305
s_4013_e,C00305
s_4013_m,C00305
s_4017_c,C00140
s_4018_c,C00404
s_4019_c,C00070
s_4019_e,C00070
s_4019_g,C00070
s_4021_c,C00940
s_4022_c,C05113
s_4022_m,C05113
s_4024_c,Starch
s_4032_c,C02188
s_4033_c,CHEBI:61930
s_4034_c,CHEBI:73788
s_4034_e,CHEBI:73788
s_4034_v,CHEBI:73788
s_4037_c,C20958
s_4037_e,C20958
s_4037_v,C20958
s_4040_c,CHEBI:73762
s_4040_e,CHEBI:73762
s_4040_v,CHEBI:73762
s_4044_c,CHEBI:77843
s_4044_e,CHEBI:77843
s_4046_c,CHEBI:15245
s_4046_e,CHEBI:15245
s_4048_c,C03189
s_4048_e,C03189
s_4050_c,CHEBI:73771
s_4050_e,CHEBI:73771
s_4050_v,CHEBI:73771
s_4053_c,CHEBI:73888
s_4053_e,CHEBI:73888
s_4053_v,CHEBI:73888
s_4056_c,CHEBI:73898
s_4056_e,CHEBI:73898
s_4056_v,CHEBI:73898
s_4059_c,CHEBI:73784
s_4059_e,CHEBI:73784
s_4059_v,CHEBI:73784
s_4062_c,C02979
s_4062_e,C02979
s_4064_c,C12147
s_4064_e,C12147
s_4066_c,CHEBI:74604
s_4066_e,CHEBI:74604
s_4068_c,C06193
s_4068_e,C06193
s_4070_c,C00988
s_4070_e,C00988
s_4072_c,CHEBI:74631
s_4072_e,CHEBI:74631
s_4073_c,C01678
s_4073_e,C01678
s_4076_c,C00519
s_4077_c,C02532
s_4077_e,C02532
s_4079_c,CHEBI:35621
s_4079_e,CHEBI:35621
s_4081_c,C03031
s_4081_e,C03031
s_4083_c,C01368
s_4083_e,C01368
s_4085_c,CHEBI:74393
s_4085_e,CHEBI:74393
s_4085_v,CHEBI:74393
s_4088_c,CHEBI:58092
s_4088_e,CHEBI:58092
s_4089_c,C00791
s_4089_e,C00791
s_4092_c,C05945
s_4092_e,C05945
s_4094_c,C06194
s_4094_e,C06194
s_4096_c,C06501
s_4096_e,C06501
s_4098_c,C00536
s_4098_e,C00536
s_4100_c,C03104
s_4100_e,C03104
s_4102_c,C02355
s_4102_e,C02355
s_4104_c,C00606
s_4104_e,C00606
s_4106_c,C01367
s_4106_e,C01367
s_4108_c,C01742
s_4108_e,C01742
s_4110_c,C06809
s_4110_e,C06809
s_4112_c,C02084
s_4112_e,C02084
s_4115_c,C05123
s_4115_e,C05123
s_4117_c,C01062
s_4117_e,C01062
s_4119_c,CHEBI:74363
s_4119_e,CHEBI:74363
s_4119_v,CHEBI:74363
s_4122_c,CHEBI:320061
s_4122_e,CHEBI:320061
s_4123_c,C00132
s_4123_e,C00132
s_4126_c,C02354
s_4126_e,C02354
s_4128_c,C00795
s_4128_e,C00795
s_4129_c,C01097
s_4131_e,C19636
s_4132_c,C00164
s_4132_e,C00164
s_4134_c,C02712
s_4134_e,C02712
s_4136_c,C01990
s_4136_e,C01990
s_4138_c,C00506
s_4138_e,C00506
s_4140_e,C01835
s_4177_c,C00544
s_4178_c,C01036
s_4179_c,C01061
s_4181_c,C01904
s_4182_c,C02630
s_4184_c,C00222
s_4186_c,C04181
s_4188_c,C06010
s_4189_c,C06032
s_4191_c,C01595
s_4192_c,C01613
s_4194_c,C00642
s_4195_c,C00530
s_4205_c,cofactor
s_4206_c,ion
